window_start_sec,window_end_sec,pat_mean_ms,pat_std_ms,heart_rate_bpm,sdnn,rmssd,ppg_amplitude,pulse_width_ms,accel_motion,gyro_motion,temperature
0.090779,4.960669,126.43500000000004,71.84197788002696,193.47779692932923,87.86050054274271,164.8696951057106,420.422851727314,320.1198400155703,9.992830798279442,0.03234472285578432,31.488387096774186
2.562647,7.437647,151.26099999999985,102.12840150149198,192.39720814976843,105.31026459275922,196.91062042791845,531.6370897669918,365.8512457320803,9.99492128120963,0.03231982815736706,31.77774193548387
5.040648,9.915645,195.3332222222222,75.18970136303055,189.4691591954037,29.907384101179876,38.223873131249434,683.1171702275003,290.10860501411054,9.993718319850576,0.03249409104628789,32.12967741935483
7.517648,12.472646,187.1783333333335,74.01222657026922,180.48548764509601,115.59590320958722,171.12258876119594,718.907420546647,220.08239001070456,9.992812749916679,0.032568775141539684,32.06032258064516
9.995645,14.951645,159.83533333333355,63.92047332341072,185.57177053923596,119.95297305874996,135.51119937327454,706.3454284789905,240.08988001167768,9.994159037851906,0.032568775141539684,31.77419354838709
12.557702,17.429646,193.85714285714326,58.766829371747626,179.7434771701868,92.55895408924347,146.03183246213808,670.7699469268025,250.09362501216424,9.99456409601329,0.03249409104628789,31.61806451612903
15.031646,19.905645,161.15914285714263,73.78105952542204,183.36617062959067,102.04428642245188,165.25298044059508,655.6895208171027,270.1011150131374,9.994407419190031,0.03241940695103611,31.497096774193558
17.509645,22.463646,130.63537499999933,68.11208066844281,205.5419864537848,72.92168784135934,128.23098349942856,687.2624604155477,320.1198400155703,9.992661648319684,0.03234472285578432,31.457741935483867
19.985645,24.941646,125.57099999999923,72.04669628987669,202.12765788382845,113.37293826004564,202.95333319427672,686.6294732587676,300.1123500145971,9.992206331990557,0.03239451225261884,31.666129032258073
22.543645,27.418645,149.74650000000045,72.52544655670793,203.4643131750776,66.30733928753887,115.57087738865859,668.7795160984681,250.09362501216424,9.99375809257261,0.032369617554201584,31.7525806451613
25.026702,29.896646,118.82400000000064,59.325219330960984,197.24315634525345,131.29777881562603,193.11504877576516,721.4849012208822,240.08988001167768,9.994385996107086,0.03251898574470516,31.626774193548382
27.498645,32.299702,132.32350000000002,76.16853608664997,203.54992842439276,75.87927852786771,139.67925191504116,728.9834738259771,240.08988001167768,9.993429975158406,0.03279282742729505,31.57354838709677
29.976645,34.771645,132.9994999999986,75.66373195648673,188.7281441188294,92.2090213313694,161.7146174373525,635.6237613330478,228.65702858255017,9.992843366928193,0.032693248633626,31.5258064516129
32.375646,37.249645,146.49966666666475,72.33211596671399,185.99857207587044,109.53895766250146,184.6375994617595,639.7228827018292,240.0898800116777,9.994821840098282,0.03249409104628789,31.510967741935488
34.851645,39.728646,100.00000000000142,34.64101615137886,165.72951371033602,167.60892438832528,209.09464031270522,659.4048069141879,285.8212857281877,9.995808248341966,0.03254388044312242,31.462580645161292
37.329646,42.205646,181.84914285714325,109.04068823337428,179.66852994231982,86.79287171200386,137.36026798605036,680.8721985844742,270.10111501313736,9.998776833937036,0.03254388044312242,31.463225806451614
39.807645,44.683643,250.42899999999895,123.125680466285,158.79012877776546,188.87113514340777,324.5590200186136,632.8849186942042,251.52273144080522,10.001275712740478,0.03244430164945337,31.786129032258067
42.285646,47.161643,213.33400000000088,119.13330438490544,188.80450549182675,118.28169641842831,215.13128735359848,338.7676249775586,251.52273144080522,9.99883520215893,0.032469196347870634,31.911290322580648
44.768702,49.637643,171.4205714285728,108.31129012362899,177.96345825069807,132.146509339909,203.85807264681463,326.57688728429747,260.0973700126508,9.998434809521862,0.032369617554201584,31.68967741935483
47.241642,52.195643,96.21080000000006,31.922946364018564,179.46169087576968,150.14081588543243,217.72620691510002,845.6353386633906,320.1198400155702,9.998930046422839,0.03224514406211526,31.544516129032257
49.717643,54.673643,200.0130000000002,89.43623710498784,191.47439423993532,44.294745575492435,69.6997145163922,2107.0067325054297,500.1872500243285,9.993216901408827,0.03229493345894979,31.362580645161287
52.275678,57.151643,279.9994999999989,39.99949999999686,170.47449366890143,99.6223527486017,142.39713800079906,1767.9886898803018,533.5330666926171,9.992716226075748,0.03239451225261884,31.233225806451618
54.753642,59.628643,319.5000000000015,80.49999999999713,190.64744398661742,75.92638178622595,134.6450374620843,3760.635744416011,560.209720027248,9.995933366484158,0.03249409104628789,31.207741935483874
59.708643,64.583643,265.67199999999974,135.18696852384443,188.04490264113636,75.2390725031625,122.25124032397423,232.2484760605522,440.1647800214091,9.995678686139852,0.032469196347870634,31.201935483870976
62.185642,67.061642,175.90509999999995,99.56145155074029,186.0627029743021,95.45573081602298,167.72445878557986,12.46812769194115,160.05992000778517,9.993647076169404,0.03244430164945337,31.144516129032258
64.663643,69.539648,211.21535714285503,98.30042406797367,191.22575378609744,79.0076230690765,145.24884550024075,2.700876045163696,160.0599200077851,9.99504359220778,0.03239451225261884,31.092580645161284
67.141643,72.016648,123.17609090909023,39.317534710594074,182.6287972249321,114.24578084793805,182.15102537778986,5.4741855817357274,167.3353709172299,9.997596257552345,0.032369617554201584,31.0716129032258
69.619648,74.494647,138.73600000000152,66.89068365998527,187.29214315529308,109.28145682400091,159.69212046479876,113.4958331010659,480.17976002335536,9.999011327085952,0.032469196347870634,31.017096774193547
72.096647,76.977702,160.67566666666502,66.17165274916282,185.2772067006759,111.19713290895433,191.97376513688792,169.3600395374744,365.8512457320803,9.999450382955082,0.032618564538374216,30.980645161290326
74.574648,79.450648,188.01833333333207,61.75494557433106,181.52194452323945,132.61794938937774,186.88536544874316,175.96530504804988,274.38843429906024,9.996540368343558,0.032568775141539684,30.94903225806451
77.054647,81.928648,182.71742857142615,70.39991580322828,188.60652657776504,118.40902331560852,198.58126023368825,219.25115902805445,251.52273144080525,9.993823233524559,0.03244430164945337,30.917419354838717
79.530648,84.405647,158.48637499999717,67.56539808758673,187.82396644428607,93.6448875381008,166.7536380382736,192.53855651742037,222.30544445525712,9.9948467716612,0.032469196347870634,30.923225806451622
82.008648,86.884662,170.56114285714077,65.77755096737123,179.8874418506317,127.71882750692309,178.5248984514253,233.6242744489488,260.0973700126508,9.996543987511867,0.032469196347870634,30.922580645161293
84.485648,89.361647,175.59779999999705,59.97906203134478,175.22882857810794,142.65485033666434,224.79231004013693,221.75589024287865,251.5227314408052,9.997871350913904,0.03244430164945337,30.9258064516129
86.964647,91.838647,179.74925000000042,68.02704322685065,172.59319603551145,156.57220230380526,204.13900123102118,164.05256834889246,226.75155334436226,9.997151779508142,0.03249409104628789,30.970322580645153
89.446702,94.316648,199.99099999999714,40.009999999995216,181.43053230897104,132.56953377637993,131.9633664810003,1841.9418316617168,533.5330666926171,9.99665505446738,0.03241940695103611,30.923225806451608
91.918648,96.795648,199.99099999999714,40.009999999995216,188.87980526177287,97.12837470500908,115.80373024216162,2516.8277884257795,560.209720027248,9.995937946636923,0.03231982815736706,30.788064516129037
94.396648,99.272648,198.23724999999826,118.5611654049808,177.66329050614024,87.19257903368,134.87159769573694,1318.4106477043106,400.1498000194629,9.993613691914094,0.032369617554201584,30.75999999999999
96.875648,101.750648,159.00066666666626,0.8160883666740998,183.96553452106352,43.3329997148134,74.68294986864947,1541.724683391101,293.4431866809394,9.99596553589693,0.032469196347870634,30.774838709677425
99.352648,104.227648,202.52700000000345,42.527000000006865,182.06104056966905,73.28679162572757,129.7313821465975,483.16476176646563,560.209720027248,9.99829862192057,0.032469196347870634,30.773548387096774
101.830653,106.706648,200.527000000001,42.52699999999976,184.84266073691103,53.49951292661176,93.6704114929065,47.377644899699156,320.1198400155703,9.99739242175839,0.032469196347870634,30.76838709677419
104.308648,109.187702,241.5264999999991,76.47349999999875,184.87827386255984,53.635742649264536,90.94234280621191,2042.578533243893,533.5330666926171,9.996805425966711,0.032668353935208734,30.759032258064508
106.786648,111.660632,108.36099999999742,40.087298470548404,171.96640224395625,150.49405827281328,196.2507789212524,1253.458388914638,333.45816668288575,9.996568459582305,0.03254388044312242,30.839354838709678
109.263648,114.138648,174.7953999999993,77.41944492335513,173.3299305113171,139.20324316943595,175.08284503628806,755.9910831678383,251.52273144080522,9.995105297368536,0.032469196347870634,31.45935483870968
111.740647,116.617648,170.55685714285573,78.46371562599467,192.63885281011835,51.6815814765654,100.68312038043162,878.2896038956505,240.08988001167768,9.994092091527822,0.032693248633626,32.246451612903236
114.218648,119.094648,128.19039999999688,64.35798496099771,183.09347937564982,135.06885071284543,221.685705668471,790.1143087100569,260.0973700126508,9.995243417939259,0.03254388044312242,32.469032258064516
116.695648,121.572648,200.00033333333295,61.10352144971549,187.06220765428313,94.61581711608355,143.24994305874228,764.8218990966183,260.0973700126508,9.99746810534868,0.032469196347870634,32.43225806451612
119.174648,124.049648,159.85757142857028,73.91197274143694,188.73664245061283,48.087708652827004,84.48367434993729,705.7284969069872,240.08988001167768,9.996345839661759,0.032469196347870634,32.35193548387098
121.657702,126.527648,171.4287142857123,66.63942573006183,188.97161081315335,99.49398524908534,183.63823040718347,682.2679603906072,240.08988001167768,9.995478917820547,0.032469196347870634,32.30774193548386
124.129648,129.005648,238.49083333333706,45.94922090894105,178.95103598602353,120.21905070675214,143.17938065809113,719.9707220438323,240.08988001167768,9.995302125149676,0.03254388044312242,32.38354838709677
126.607648,131.483648,221.98580000000166,31.063851006605663,176.63143264440905,140.14744045198591,160.4461762843576,750.0046122830248,228.65702858255017,9.99456577737248,0.03249409104628789,32.45387096774194
129.085648,133.961648,216.270142857143,36.89764585378612,194.02694720849948,37.067196772505696,55.367548762097464,743.3096056733693,240.08988001167768,9.994370815521146,0.032568775141539684,32.47032258064516
131.563648,136.438647,137.27771428572007,69.72241411014808,195.93741053273672,83.00778647457066,155.9541852904683,764.4852494144652,262.9555828699327,9.993545350020435,0.032668353935208734,32.47645161290323
134.041648,138.915648,107.50100000000866,59.28435320835782,188.78248042459106,99.87935604462204,196.02110542651823,770.8114786536078,274.38843429906024,9.99616115195635,0.03259366983995694,32.4374193548387
136.517648,141.398702,161.5218333333388,79.87391441185432,177.9361959283509,131.82524931038412,237.25926484507298,762.9248635369673,297.25413715731526,9.996911805373019,0.032618564538374216,32.367096774193534
138.995647,143.872648,149.15514285714184,79.86706722411006,190.27695671673237,72.90507141205873,131.03970321155134,768.0315636924175,297.25413715731526,9.995116341921578,0.03259366983995694,32.34774193548387
141.474649,146.348648,133.0028333333265,59.481143111127295,184.01700811586997,110.29816032649447,183.43197752547448,740.4349097526358,280.104860013624,9.996693281411597,0.03249409104628789,32.36354838709676
143.952648,148.827648,207.19980000000078,39.36723104512819,168.80294092882355,118.37769645702191,196.31866153548657,656.499954390253,274.3884342990602,9.997370141046087,0.03244430164945337,32.34516129032258
146.428648,151.305648,171.64849999999396,72.51577359386964,185.91184036449667,56.2075034952372,89.17260548152963,726.4272112055335,285.8212857281878,9.995544838124891,0.032568775141539684,32.37903225806453
148.907648,153.782648,148.57314285713738,80.37278509977257,193.75460708918456,74.21688178040748,123.65979045011555,775.7969006451182,262.95558286993275,9.996567977355012,0.03259366983995694,32.41451612903225
151.385649,156.259648,208.41379999999958,81.76829027538113,195.64034178435583,67.29875767210712,114.75582928883641,1035.360674240353,240.0898800116777,9.996440644120863,0.03244430164945337,32.46258064516129
153.867702,158.737647,292.6613333333326,99.3398714928757,190.42137244209164,74.8820821024688,133.45339734467646,1808.8243041223227,520.1947400253017,9.99435909860786,0.03259366983995694,32.32354838709677
156.339648,161.214648,79.99999999998408,0.0,193.7746472433937,59.29824998575167,104.24950033564198,267.22971658132167,760.2846200369794,9.994957791088241,0.032668353935208734,32.06354838709678
158.817648,163.693648,132.99966666665833,74.95284740126398,188.51538632478807,46.12805751494735,83.2279434403416,1295.431924049319,480.1797600233554,9.995699949756663,0.03244430164945337,31.961290322580638
161.294648,166.169648,238.5885999999971,112.42836000690087,197.54336291904474,73.95728322083914,142.0676220030872,2009.4940110818352,580.2172100282211,9.993815245378883,0.032270038760532534,31.981612903225816
163.771648,168.647648,292.9993333333319,99.96008536855899,181.07915546491512,66.29529013498625,121.1081000532045,2095.2121667309057,840.314580040872,9.99453974450606,0.03234472285578432,31.91741935483871
166.249632,171.125648,239.4999999999925,159.5000000000084,176.94461331974932,119.64409701485887,166.72247201836032,575.4295331252005,760.2846200369794,9.996367424455212,0.03241940695103611,31.735161290322587
171.205647,176.081648,213.00000000000333,135.51629668297207,189.60598609134007,90.18669923378366,155.77155593098996,2468.8485652282025,600.2247000291943,9.996567245575825,0.03259366983995694,31.732258064516138
173.682648,178.558648,161.68466666667314,63.2676552715268,179.6918791159489,92.31347878708958,153.70386828139806,1603.3225540830044,346.79649335020105,9.994842827103357,0.032469196347870634,31.988387096774204
176.161648,181.036648,169.67433333333145,87.52119657293127,203.715557059295,66.34327449466049,112.55274796700346,284.4843762939865,248.98209778988797,9.995139120257134,0.032369617554201584,32.1825806451613
178.638647,183.514648,176.20280000000434,60.085104008902576,192.82639129743563,127.18385433650334,195.90537229558825,315.41190733787244,290.1086050141106,9.998663026485715,0.03251898574470516,32.151935483870965
181.116648,185.992649,120.84216666667184,39.193722815510164,192.16644641389178,90.63301290472099,139.255455912047,404.6280070378573,260.09737001265086,10.000470739692899,0.032568775141539684,32.32096774193547
183.594648,188.468668,114.42842857143124,58.24141993917116,202.24086899768693,73.83824251860858,123.387806531552,472.62095444967,262.95558286993275,9.998589612308017,0.03254388044312242,32.51903225806451
186.075702,190.947648,137.2827142857115,71.19503668638289,188.8715847977683,84.32920922181438,153.92802809674174,506.17587684417686,308.68698858644285,9.997206135234945,0.03259366983995694,32.483548387096775
188.548648,193.424649,120.50399999999684,61.90687015185932,184.02295668716746,115.41638953815561,188.57784350898342,563.1871124976905,308.68698858644274,9.99566724537844,0.03251898574470516,32.43580645161291
191.027648,195.902648,99.49249999999665,34.94350578791436,180.81373126032622,173.33061329091564,237.13831149045097,589.0906508157638,297.25413715731526,9.993748216641693,0.03249409104628789,32.437096774193556
193.504648,198.458648,159.4210000000008,86.0754554612212,197.30981145013533,120.49647242012374,183.47139192255108,530.4307034874493,285.8212857281878,9.995028261598979,0.032568775141539684,32.425483870967746
195.982648,200.937648,146.84171428571955,51.67721582978954,191.2083879887852,42.29137894759392,78.77765005834328,477.4615066606292,274.3884342990602,9.995525858692472,0.03229493345894979,32.391612903225806
198.543702,203.414651,171.1430000000007,28.269212930579453,187.7182243126375,2.1779105273827186,3.987301979641651,511.3911833415215,285.8212857281877,9.995695090479163,0.03224514406211527,32.381612903225815
201.016648,205.892648,125.5710000000038,41.28907095795321,193.19834801312268,53.10563219851303,103.26084947168559,473.5478585721989,240.08988001167768,9.996492854597186,0.03251898574470516,32.39000000000001
203.494648,208.370648,142.5890000000038,128.22693657106382,175.8377050472202,320.50099796444505,480.3266310074717,482.27205685752904,250.09362501216427,9.995831033014342,0.03261856453837421,32.374838709677405
205.972648,210.848648,186.3333333333325,150.37804213234034,137.42637435308768,333.73667763746676,540.5184175548384,493.23981979436377,290.1086050141106,9.996065033617235,0.032369617554201584,32.33612903225806
208.450648,213.324648,106.6663333333319,37.711890258762125,157.96831778701443,152.53708422163945,223.0441916671303,454.377957385399,290.1086050141106,9.999417418675025,0.03234472285578432,32.32612903225806
210.928648,215.803649,159.99199999999405,71.54590193993737,181.63481670628457,136.61810273553374,179.71064229756803,461.55749452577396,260.0973700126508,10.001322618107675,0.03249409104628789,32.28064516129034
213.404648,218.285702,182.85142857142287,70.44629791318262,190.7625363238016,164.45336790099245,284.8422202792211,471.65060429830623,250.09362501216424,9.998853133666826,0.03244430164945337,32.169677419354834
215.883648,220.757647,158.7891999999954,72.93575355722231,179.53166198296037,124.84606595132179,184.63181724746897,485.93805329336016,274.3884342990602,9.99836998871302,0.03241940695103611,32.0758064516129
218.359648,223.235648,171.8240000000056,72.86015722373352,187.0118984436417,82.02301836713403,140.41247111440356,546.4863048319468,285.8212857281878,9.99971174640445,0.03261856453837421,32.080000000000005
220.837648,225.713649,148.14257142857304,66.22543287430051,192.0461429624927,63.64477590890731,114.82201545100891,524.5797183193687,274.3884342990602,9.998768955905467,0.03264345923679147,32.15322580645162
223.315648,228.191696,185.8243333333339,87.04308680507756,174.20738033511466,143.58935884152322,181.20801421946152,444.08586548454406,222.30544445525712,9.994870190035654,0.03239451225261884,32.162258064516124
225.793649,230.668648,216.9727500000036,87.92173346612147,129.10112427001403,218.15930630415068,306.56709130511746,442.9065587737881,231.19766223346738,9.995954619492728,0.03244430164945337,32.17322580645162
228.271648,233.147648,189.97819999999592,65.5430598260357,124.56838550352907,202.50437353298068,210.71460680097002,473.22226972510396,300.11235001459715,9.997689523381867,0.032568775141539684,32.18548387096774
230.753702,235.625648,158.78940000000057,71.11161249078378,171.45561210114255,123.37664794327493,154.4076363082471,499.95634939519556,354.41839430295283,9.995264437250025,0.03259366983995694,32.140322580645154
233.227649,238.102653,172.5868571428626,79.34172296812424,170.03844733034833,68.7263066267568,110.41855164080583,573.8619158195731,320.1198400155703,9.995894844873,0.032469196347870634,32.09064516129032
235.703648,240.659648,160.84200000000237,79.17593188168303,183.45660381674725,81.89093997450784,147.94663655550306,579.1351194475166,285.8212857281878,10.00045151584937,0.03241940695103611,32.06903225806451
238.182654,243.222702,148.420714285712,66.61518491565468,179.90760256799499,119.70786335143599,175.57971817148518,441.76239344946487,274.3884342990603,9.998236989905173,0.03241940695103611,32.05774193548387
240.739647,245.694648,226.32450000000404,85.17421874164428,163.4134840331017,127.64286808639872,179.16997209939316,500.4409730424923,308.68698858644274,9.994519232152303,0.032369617554201584,32.06483870967741
243.296648,248.172649,240.00480000000266,100.87787915177152,157.69217484073033,66.53289472651547,84.34530878148212,618.6905667606165,333.4581666828857,9.996832920328941,0.03249409104628789,32.09419354838709
245.774648,250.651648,147.00433333332796,72.05618931701163,178.22081507604037,75.93305165787316,145.74304163057337,525.5954304466171,320.11984001557033,9.997480743790609,0.03249409104628789,32.11451612903226
248.252648,253.129648,146.66683333332742,54.49648306823389,176.57328702227574,110.18044316433522,169.45644975842526,534.8885785764415,297.25413715731526,9.998623095221332,0.03249409104628789,32.151935483870965
250.731648,255.606636,179.49999999999733,103.63758970568107,172.52608738310462,159.2825283452344,214.31495083102175,515.4178692036479,297.2541371573153,10.002081036804876,0.03244430164945337,32.20806451612902
253.209648,258.083648,201.26375000000252,118.75019437958152,151.61116910912602,278.7774568105828,322.3463784300937,417.60525929437216,306.7815133482549,10.004380807682985,0.03241940695103611,32.25290322580645
255.691702,260.561648,219.24975000001723,142.77918469856363,112.36926648056279,347.37094296210995,617.0596473777491,564.2694775259063,285.8212857281878,9.998941806203803,0.03249409104628789,32.4474193548387
258.163648,263.040648,195.97300000000928,122.02699999997435,113.32583588054909,324.724528418679,438.8457115554698,706.3321793849954,285.8212857281877,9.995348327286823,0.03239451225261884,32.152903225806455
260.641648,265.517648,205.04500000001258,40.00900000002616,97.31877905348593,244.0235705771515,265.63143638734516,768.9621472024402,285.8212857281877,9.99590656356885,0.03241940695103611,31.2116129032258
263.120648,267.995648,201.01324999998837,89.70278453976698,109.40352757206328,164.13151239587833,235.2980535485749,680.5692848798113,274.38843429906024,9.995383373305557,0.03251898574470516,31.062258064516126
265.597647,270.472647,119.99999999997613,39.99899999999457,65.49802128331513,460.2616527598202,833.0511540936153,683.7189023201788,270.10111501313736,9.995773695132668,0.03261856453837421,31.69532258064517
268.075648,272.950648,214.17533333333458,74.85067631328529,172.77449965581008,195.8781253739172,213.37681848473443,657.3250586670895,266.76653334630856,9.995621381997791,0.032618564538374216,32.834193548387105
270.552648,275.433702,217.27985714285782,56.04575335366839,182.95431507711677,56.100598495162316,93.55869092625757,589.8912937581104,260.09737001265086,9.994289366669936,0.032568775141539684,33.660000000000004
273.030647,277.906648,194.1341428571377,72.18949468770568,188.69601398041038,49.69896657409216,87.90991126289191,770.3305889582072,251.52273144080522,9.994092416226472,0.032469196347870634,33.660000000000004
275.509648,280.383647,193.99714285714253,72.1009613417859,188.49934317695596,47.14826875584372,73.10481760721444,718.5635145406823,240.08988001167768,9.99423802338179,0.03229493345894979,33.660000000000004
277.986648,282.862648,175.60000000000855,78.06008455286006,175.33999441402378,105.46213663824338,145.78444000146865,782.2252427365223,251.52273144080522,9.996720071979137,0.03249409104628789,33.660000000000004
280.463648,285.340647,174.78900000002113,77.40591476881684,175.78275850810152,114.98564453354176,179.49918857532475,810.1222970035298,285.8212857281877,9.996558293498394,0.032643459236791475,33.50387096774194
282.942649,287.817648,144.39980000000787,78.46697241616143,174.1976023203122,138.0286672081019,210.56246955110493,727.2012007744295,285.8212857281877,9.994649260609808,0.03249409104628789,32.76887096774193
285.418648,290.294648,144.399599999997,78.46672874690393,173.37676653795435,153.4663771509431,193.73110470679123,681.5993875593565,230.08613501119112,9.996348407167648,0.03239451225261884,32.11096774193548
287.902702,292.772648,186.66633333333493,75.42519473109645,156.41245868679573,144.80156343002201,171.8391985960333,616.4861116432741,230.08613501119112,9.997934885551581,0.03241940695103611,32.02903225806451
290.374648,295.329647,186.66666666668638,75.42472332655007,150.6000260811665,155.36918199658007,203.2341162127342,586.5661434761796,251.5227314408052,9.994396266126977,0.032618564538374216,32.01838709677419
292.852647,297.807648,79.99966666668949,0.00047140450620272793,149.8399742531106,491.65422119228555,595.2783094113472,674.265827054981,251.52273144080522,9.991709077225288,0.032618564538374216,31.99709677419355
295.409648,300.286665,254.787599999986,116.93545611251123,123.8870709926023,466.7256441659415,724.3120242476948,704.6482976469496,262.9555828699327,9.99647449093048,0.03244430164945337,32.016129032258064
297.887648,302.762648,273.4205714285573,93.76829277358745,164.5330597345653,108.94905994792173,133.83771684768078,598.3361543321662,280.104860013624,9.999121407585315,0.03259366983995694,32.12903225806451
300.371702,305.240647,194.2215999999803,119.16081260146035,193.98562416623326,93.2376857012437,130.6421859935444,839.0905574546196,306.7815133482548,9.998574945168086,0.03261856453837421,32.17451612903226
302.842647,307.719648,85.05399999995689,0.0,200.80527864841798,91.09268498029267,149.67174373942885,1865.2580293370393,640.2396800311406,9.996630597755036,0.03239451225261884,32.0916129032258
305.320648,310.197648,237.99999999999955,0.0,199.3103002351445,63.96222546161136,106.3694519522472,707.7679679102012,440.1647800214091,9.991666140919019,0.03244430164945337,31.967741935483865
307.799648,312.674647,160.33366666666402,0.471168995398596,187.21043173819874,128.2708666696807,203.1485797505027,244.43577542954094,180.06741000875826,9.994217883273855,0.032568775141539684,31.849354838709676
310.275648,315.152647,213.16699999999855,109.30457497897955,190.39020385427906,127.83944248832138,204.78442767591946,92.58822134963786,173.39824667510058,9.998538983204584,0.032469196347870634,31.79290322580645
312.754647,317.629647,199.9996666666656,120.000000000921,191.25134137325568,237.40839033542335,418.57042418213257,10.55130939902546,140.052430006812,9.997132522704026,0.03244430164945337,31.71999999999999
315.232671,320.112702,208.10166666665944,128.1239470664589,198.74352424888718,116.93566702560152,215.57978991525974,3.6074756271327684,160.05992000778514,9.996884398748897,0.03241940695103611,31.621612903225802
317.709647,322.584647,199.503100000004,108.63015384731204,193.23849355565198,119.78289829056449,193.65306514062823,20.72592463835951,208.0778960101207,9.99671112258734,0.032369617554201584,31.63612903225807
320.188648,325.062668,279.9995000000024,120.00049999997486,139.86456912365324,368.75098979141933,299.6765464903902,178.24022730290127,320.1198400155703,9.994960708769195,0.03249409104628789,31.663225806451603
322.664648,327.540648,186.33333333332303,99.33221475881862,142.83753432676914,361.16240724269323,395.6996337663172,1008.1083399724803,300.1123500145971,9.992833323760456,0.03251898574470516,31.63548387096775
325.142648,330.018647,199.74999999999454,89.10772974328755,181.19169809711332,202.24030444683123,309.5967134372289,2039.4008265160753,293.4431866809394,9.99476093905508,0.03249409104628789,31.802903225806467
327.620647,332.496648,240.0000000000091,0.0,177.7369668458132,431.9199400315487,752.5852755873264,2649.532282873026,272.1018640132347,9.993521302324433,0.03259366983995695,31.979354838709686
330.098647,334.973648,205.0544999999886,119.99949999997739,166.7298586700644,188.35648962434345,306.62334847752345,1544.5014785697213,346.79649335020116,9.991270874287185,0.032568775141539684,31.854516129032266
332.581702,337.451648,319.9999999999932,0.0,159.13028079517085,189.83845711763678,243.89562294467706,2136.108170051414,360.1348200175165,9.994522133295197,0.03241940695103611,31.818709677419363
335.053648,339.930648,240.0043333333315,65.31931845087888,150.54660834822567,217.63093197816508,186.15336940888412,1488.6570899407536,333.45816668288575,9.996137741298835,0.03241940695103611,31.86806451612903
337.531648,342.408647,224.2138000000068,34.161435908936106,179.143019620077,218.11524343978377,213.50718715483242,809.8418408951187,240.0898800116777,9.994213972244431,0.03249409104628789,32.07483870967742
340.010705,344.884647,206.87357142856757,58.80051761398649,199.60170296912037,50.13749311137624,78.06858256457971,561.1800060337433,228.65702858255017,9.991821889248438,0.032469196347870634,32.21096774193548
342.486648,347.363647,194.86514285713545,58.55327246539159,191.2404449483129,42.81257494412463,76.94787911605388,558.4924675141422,228.65702858255017,9.993800556772582,0.03231982815736706,32.09741935483871
344.964647,349.841671,259.23850000000925,32.7426229745216,156.0804331594928,123.52319771847424,175.3718718529739,670.0994546591273,200.0749000097314,9.997709053379733,0.03260320318978004,32.21677419354838
347.443648,352.323702,218.73650000003408,64.73069053201476,156.83101868515868,164.67512666547867,249.63147353473659,787.2694432055313,285.8212857281878,9.99494368434716,0.03280236077711815,32.19387096774193
349.921647,354.795648,207.7996000000212,108.45890576731333,203.70886983798843,66.34320488235534,103.82866486670466,711.5223255351382,500.1872500243286,9.995539706541221,0.03254388044312242,31.94870967741935
352.397647,357.273648,213.33283333333952,135.97365787587242,194.43493066107217,170.96763009483283,242.25416877152392,619.7886920521894,336.1258320163488,9.994479912936367,0.03261856453837421,31.97612903225807
354.875647,359.750649,128.99999999999636,37.9783007571422,178.6116999076412,181.7897858013027,279.28187464726557,956.5764601974533,228.65702858255023,9.992436275409698,0.032718143332043266,32.490322580645156
357.353648,362.229648,98.01079999999729,31.04900836677415,186.14866283393945,89.49406837570267,149.2772475551943,1098.9093399788155,293.4431866809394,9.996030969075273,0.032568775141539684,32.68870967741936
359.830649,364.707648,178.0212000000006,59.108019064761464,180.30079686082811,71.21489513764638,100.337135620337,702.6126408283171,333.45816668288575,9.99509431538061,0.032643459236791475,32.42548387096774
362.309648,367.184647,204.42042857142238,40.65938535427754,188.9962421956183,49.41544870704061,83.254255647292,531.2578848931723,280.104860013624,9.991859617998129,0.032668353935208734,32.233548387096775
364.792702,369.662648,174.39239999999927,60.3451229465951,189.38412098358938,86.18546640808759,160.79028451893996,587.8898613675354,253.4282066789931,9.992412016200822,0.032469196347870634,32.04967741935484
367.264648,372.139648,199.74899999998286,69.13831919782189,159.2692344209668,301.33511737562094,302.0566834735202,796.5363305467722,253.42820667899312,9.994381388654055,0.03249409104628789,32.10677419354838
369.742648,374.618667,186.33333333334198,37.24095714246835,161.58925509673972,302.434833752393,231.51754793158244,880.0965015111586,440.1647800214092,9.995484443557409,0.03239451225261884,32.356774193548375
372.219648,377.175649,160.000000000025,0.0,189.47270242403064,56.255191290121175,80.18501487715407,1450.8487712867025,720.2696400350331,9.992672731108595,0.032369617554201584,32.38774193548387
377.260702,382.131649,139.91674999998338,33.68210263409442,200.13403967372253,51.10682363562872,94.08313380729517,2.2039494686908485,135.43531692966437,9.99193177100231,0.03251898574470516,32.26967741935485
379.733649,384.608649,193.16541666664952,40.4862029553711,191.5356557318585,44.431093421608104,76.76924285644925,1.4221317014298687,160.05992000778514,9.990453845161484,0.032568775141539684,32.255161290322576
382.211649,387.166647,216.46924999998873,35.34396175239468,188.1757503100182,102.13481344384732,167.52002900824263,1.1819985133989683,160.05992000778514,9.986921227288336,0.032618564538374216,32.32193548387097
384.688649,389.643648,206.1285384615329,96.53519747549267,194.4576185371893,109.72024468009411,184.3740290463243,1.0498385850788863,160.0599200077851,9.984387756202338,0.03259366983995694,32.41322580645162
387.246649,392.121649,172.69776923077328,103.43801082041534,187.34276577919033,123.51909635202881,187.29471683397622,0.5894272887075138,160.05992000778514,9.98801300935785,0.03261856453837421,32.37193548387096
389.728703,394.599654,147.84946153847264,98.0505702934102,185.46517074019337,119.48756562116391,181.6980237885702,0.7830816034832244,160.05992000778514,9.993049060028692,0.03254388044312242,32.25290322580646
392.201649,397.076654,143.57842857143055,101.23302793534538,196.4517725511056,53.72000148605849,99.31997947470857,0.6989761119606802,160.0599200077851,9.991443715635898,0.03254388044312242,32.13935483870968
394.679655,399.554654,152.54545454544396,72.41512528766981,177.76024651404512,109.77412194444767,156.69536006903854,1.1010630898981981,160.05992000778514,9.989692964041671,0.03254388044312242,32.01612903225807
397.156654,402.032655,139.7477499999932,87.12196389556564,182.04538088183224,82.13736564472545,120.53759355564044,2.7611485832620133,160.0599200077851,9.990823988501324,0.03254388044312242,31.978064516129038
399.634654,404.509654,293.00033333333886,99.42175147766493,190.40500676856618,56.3136038117442,106.518058439386,21.54469385775176,360.1348200175165,9.993691792054172,0.03259366983995695,31.97999999999999
402.112654,406.987655,184.65033333334682,100.35549079926345,188.8808841083213,88.65052002699234,167.60354919102815,709.4729179264688,320.1198400155702,9.99486936913029,0.03254388044312242,32.05193548387097
404.589654,409.470703,182.1358571428797,102.62805046857697,185.30559948904005,114.41695923891713,181.01630009915243,615.5435206899526,274.3884342990602,9.993617457191428,0.03264345923679147,32.153548387096784
407.067654,411.942654,172.66083333335777,96.76983726247002,196.31704251180886,102.0939610942585,123.29427801264661,396.89027713464606,306.7815133482548,9.992765746679172,0.03269324863362599,32.16903225806452
409.546654,414.420654,205.78340000001845,105.94321351479321,183.06427130401303,198.76257608412052,352.5589611653364,562.9214537565086,342.9855428738252,9.991785842572089,0.032618564538374216,32.182580645161295
412.022654,416.899654,239.32550000000674,90.35118768957393,138.33942416470836,405.8496722200149,598.0503175604406,404.986564861495,250.09362501216427,9.9897023446368,0.032668353935208734,32.19967741935485
414.500654,419.375654,193.56742857142504,72.32268059756125,193.61542533401936,191.32518292832344,220.19046268092941,409.3513607631358,270.1011150131374,9.992748992869734,0.032767932728877784,32.18225806451614
416.979654,421.854654,146.66983333333405,54.314772494589405,196.23330547666149,217.18888811942804,313.83351672385385,475.35982788548245,260.09737001265086,9.994150853579976,0.032767932728877784,32.146774193548396
419.455654,424.331654,190.51012500000297,131.65913390877503,199.08931164016255,217.16939267428873,311.6962957286949,425.2032889286364,230.08613501119112,9.993154723769582,0.03269324863362599,32.10935483870967
421.939703,426.808654,194.14757142857297,111.72174063379506,193.92171615201534,132.8176718387727,196.32901392432316,476.2815953085577,270.1011150131374,9.992976686087056,0.03254388044312242,32.03290322580645
424.411654,429.287654,206.3974000000144,82.96753099037593,190.00750301475787,226.78632569402043,348.7261801424792,460.0481974000563,270.10111501313736,9.990237900280604,0.03259366983995694,31.91483870967741
426.888655,431.765669,264.65033333333093,138.7435927657577,161.18633718796556,256.68583427772825,360.261747147013,570.2829781723269,290.10860501411054,9.991626993477535,0.032767932728877784,31.834838709677413
429.367654,434.243654,224.0000000000009,127.99999999998732,166.57023874335766,271.42550912260197,400.12669905917164,776.3999628848859,260.09737001265086,9.993287512109227,0.03266835393520874,31.822580645161292
431.845654,436.719654,185.65866666668285,88.77534873048555,191.3069625109232,149.03157804572572,270.5386802584776,560.098652501649,260.09737001265086,9.990616814623154,0.03261856453837421,31.780645161290323
434.323654,439.197654,184.65050000001307,76.18758188782992,195.09001420635056,60.834947532236065,120.72409282326291,473.33790895727384,346.79649335020105,9.988277749509429,0.03261856453837421,31.666451612903224
436.799654,441.680703,227.84785714286824,90.43478204513036,187.6190832733073,66.46379836146049,125.07044949086459,641.7057862888789,285.8212857281877,9.989624699228186,0.032469196347870634,31.615806451612904
439.277654,444.154636,239.84528571430377,104.2013294440994,183.93718141489478,92.12403425451276,165.8110770279526,1334.6531365797773,306.78151334825486,9.990305717574248,0.03239451225261884,31.57612903225807
441.756654,446.632654,178.22600000000932,103.70312483479744,184.87657052802695,83.23132357205073,139.17797209686896,1431.1624092421744,460.17227002238224,9.990330590845696,0.03254388044312242,31.62
444.234654,449.109654,218.7377499999883,118.64731486715765,156.75686674910602,167.84624725112715,185.42791495677565,877.2617108335731,293.4431866809394,9.990952792253514,0.03264345923679147,31.684193548387103
446.710674,451.587654,238.790199999994,86.57398260538717,151.51246034180141,146.75242062942905,205.60743923499174,850.6959555882762,217.2241771534227,9.991953052881827,0.03251898574470516,31.587741935483884
449.189654,454.065655,174.790199999984,58.3386669727715,179.3753962244152,133.47150737031845,212.15332474677191,486.0177997250983,266.76653334630856,9.992598321316569,0.03244430164945337,31.549032258064514
451.667654,456.542662,120.6746666666542,60.24935857656765,189.00572310206238,132.17999597652604,211.56088708948502,486.0959767541271,297.2541371573152,9.991325132398305,0.03264345923679147,31.49967741935484
454.150703,459.019654,106.66666666664544,37.71236166327503,160.7338827246711,284.7809070196115,408.74885940345007,539.1659412284616,285.8212857281877,9.993859674361085,0.03269324863362599,31.442580645161296
456.622654,461.578655,118.51250000000846,40.51249999997708,136.08767235001008,137.87003152290168,192.87884107432816,516.6663905550174,230.08613501119112,9.99496613918358,0.032618564538374216,31.431612903225805
459.099654,464.055654,139.00225000000432,35.2220132188151,140.94367226399493,320.6088674740735,530.3847434048291,444.209599366661,240.0898800116777,9.992491280828213,0.03254388044312242,31.402580645161297
461.65867,466.533654,223.5967999999957,93.05833375340926,174.71234550294952,229.52993490088863,374.2487137341397,425.394270959664,280.104860013624,9.99381470339009,0.03259366983995694,31.39193548387097
464.135655,469.010654,229.14985714285356,89.82714607262345,190.3619388672065,98.52314565905215,170.306506655174,474.66325556664805,290.10860501411054,9.992077750106048,0.032643459236791475,31.357419354838708
466.618703,471.488665,160.72157142856926,74.86132679420791,183.14321597942518,198.20078687416952,262.603755876822,507.5537123747763,260.0973700126508,9.991512913984991,0.03259366983995694,31.342903225806456
469.090654,473.966655,134.17516666665583,58.90099079930871,155.39403149323897,216.821677883011,280.2562319656188,512.8260901285544,260.0973700126508,9.99424753822689,0.03259366983995694,31.34903225806451
471.568654,476.444654,173.32883333333862,71.79170731687401,183.43973236074703,65.83228086880689,101.49020340990701,519.0831315915336,260.0973700126508,9.99245248602437,0.03264345923679147,31.318709677419353
474.046654,478.922654,105.65400000000598,60.102338182470035,185.4723285852144,112.09350092257206,194.73960476797953,523.5026703644179,290.10860501411054,9.99392175149909,0.032718143332043266,31.29419354838709
476.524654,481.399654,78.99199999999003,2.254403764472607,200.6932797330645,80.46825953077554,161.52480215043317,555.5296685694874,290.1086050141106,9.993954483268565,0.03264345923679147,31.303225806451604
479.002654,483.878654,169.62512500000315,82.89217586185015,200.19046355007785,107.06803119344298,189.58478552862525,594.5214094808701,260.0973700126508,9.993000303869199,0.03259366983995694,31.353870967741926
481.479654,486.360703,206.0069999999996,38.97579479259406,196.4216434056451,49.56988944854714,77.20756176536271,639.1626686252276,260.0973700126508,9.992350381404817,0.03264345923679147,31.398387096774197
483.958654,488.832654,198.99183333332834,40.69442222392536,185.57069636515405,82.85315235938653,144.7044181055642,551.2882170921071,250.09362501216424,9.992383940482233,0.03254388044312242,31.39516129032258
486.434654,491.310654,159.432142857148,60.47939493846359,189.3645077577339,89.92015428729715,133.27128185644062,450.3913247344741,240.08988001167768,9.994862526385786,0.032369617554201584,31.420645161290324
488.912654,493.789654,132.84583333333444,59.85129727477075,197.85230597472867,135.4239483586796,214.02922400392788,414.21437735099937,274.38843429906024,9.99199979506407,0.032369617554201584,31.450000000000003
491.390654,496.26667,158.49199999998595,93.11246427305407,182.5136680111843,163.4690618193081,287.3641080589375,434.5948612088347,290.1086050141106,9.992723906415172,0.03254388044312242,31.465806451612906
493.867654,498.744655,119.32766666665391,89.75559632815502,190.17988817134852,119.77536589262735,195.18159971466926,515.3213561802824,274.38843429906024,9.99301804142142,0.03271814333204325,31.515161290322574
496.346654,501.222654,170.85928571428408,67.1534005345072,195.9427634085698,48.081816136674234,87.18363767008464,574.4543679672909,250.09362501216424,9.990967225759467,0.03259366983995694,31.538709677419355
498.829703,503.700654,199.83350000000164,61.93496921436189,189.2658656318649,100.05509301469893,156.13878247519952,695.1556014873636,250.09362501216427,9.993793850886815,0.032568775141539684,31.53032258064515
501.302654,506.177654,158.99040000000468,71.35328996086037,188.5440510748556,157.84915077483384,221.93855626236353,664.0917678994408,230.08613501119112,9.994033330906895,0.03261856453837421,31.708709677419357
503.778636,508.655654,139.75000000000648,65.95595120986665,167.3893767966974,145.26956848375335,262.95573171278363,579.449793113618,260.09737001265086,9.994007504942207,0.03251898574470516,31.942258064516132
506.257654,511.132654,133.83283333333415,74.73235960950747,184.02298511367843,95.32585295189195,166.65145212038473,580.7183938654487,270.10111501313736,9.996883938494934,0.03269324863362599,31.943870967741944
508.735654,513.610654,80.34066666665278,1.8121346222017995,193.0395802708199,88.15158845996196,168.08030349476792,587.9207825861291,310.11609501508366,9.99491173063968,0.032743038030460525,31.89548387096774
511.212654,516.089648,133.0086666666356,59.92507792143713,177.39711052694403,152.33756474054945,224.53425509262829,555.3775494591149,320.1198400155703,9.993609667657019,0.03249409104628789,31.866129032258062
513.690654,518.572703,183.00071428570521,81.13813338410708,176.51535861556528,79.84104022574488,113.66580579960925,552.0677859359522,250.09362501216427,9.995015876258337,0.032568775141539684,31.786129032258067
516.169654,521.044654,179.9999999999926,86.78718914962853,195.03184347671208,61.28328798460574,84.53368603879373,572.0209856189967,230.08613501119112,9.991825139775734,0.03279282742729505,31.726129032258058
518.646654,523.522651,172.32449999998303,72.02382778115323,194.47258884919844,107.71008671594986,153.6780173953368,561.2301589864493,240.08988001167768,9.990062649472979,0.03276793272887778,31.711612903225813
521.124654,525.999648,159.99957142857315,74.22121569212116,184.49166049043185,194.6017778350334,251.74373200591512,564.6466573589996,250.09362501216424,9.991373607666835,0.03266835393520874,31.69225806451614
523.602648,528.477651,159.83333333336228,79.83820653601218,190.71615400618623,103.86734993290082,193.86971123003943,603.1802440907394,260.0973700126508,9.994381000112224,0.03259366983995694,31.670000000000005
526.079648,530.955647,175.80000000002656,78.22634083482009,170.39392649490168,216.35574808968465,293.45937779205923,628.4204701731811,290.10860501411054,9.992760143986231,0.032568775141539684,31.67193548387098
528.557651,533.433648,133.66733333331618,75.89636355079492,134.1076078283834,227.72857201553325,301.58216256886516,628.8730814110454,290.1086050141106,9.991015278434897,0.032693248633626,31.979677419354847
531.040703,535.911649,131.65333333332305,73.03894521117051,156.37416028307513,163.57438743582392,189.17371705778135,609.1269052325023,260.09737001265086,9.996071123581746,0.03271814333204325,32.71935483870968
533.513648,538.390649,110.9916000000112,61.977200216221085,171.08919043672105,160.86090224453883,154.76072318196415,564.3505564611671,260.0973700126508,9.997617850893693,0.03264345923679147,33.22709677419355
535.991648,540.867648,91.4314285714194,27.993002920910328,199.11890273384827,76.46155587303204,154.01327802313494,540.1650372233296,250.09362501216424,9.99555599016712,0.03256877514153969,33.14806451612903
538.469649,543.345648,137.85742857141616,71.50134300410905,204.9512978352191,68.82947474448548,130.14569751217473,464.76321366521734,240.0898800116777,9.993481689449299,0.03254388044312242,32.88451612903226
540.947648,545.823647,215.0176666666539,100.25472886718156,153.26287309017144,298.9443240299792,433.2077586396213,1446.0399596702307,416.1557920202414,9.9979153396912,0.03247387829617024,32.875483870967734
543.425648,548.301665,220.9782000000132,80.25744522071467,169.38774861301656,137.04529513225677,145.0355467179489,717.578876696209,333.4581666828857,9.998401078830708,0.032424088899335714,33.0083870967742
545.903647,550.784702,175.20019999999477,78.22035723871666,183.65330577167515,129.90764627833988,200.37131027420074,516.161029049189,285.8212857281877,9.995622797209045,0.03259366983995694,32.95451612903225
548.381647,553.256648,160.2002000000084,69.54782158025476,182.5850650036326,120.23216279375404,140.81589410089822,493.8388582158679,270.1011150131374,9.996712647141283,0.03259366983995694,32.825806451612905
550.858648,555.734648,112.55599999999178,57.72409979747507,187.6365156885418,77.9536809407539,146.74223852927352,446.5683363991093,290.1086050141106,9.994569400111859,0.03251898574470516,32.734516129032265
553.336648,558.213647,112.70642857139786,58.237770791948584,197.79791082380478,112.7386118436614,208.86969651532863,426.2161693904625,290.1086050141106,9.993342598709852,0.03259366983995695,32.69000000000001
555.814648,560.691648,186.15716666662743,59.40053192359803,199.03456223439514,60.27570352739696,95.36602195467283,450.58171333485524,274.3884342990602,9.994921853831263,0.03261856453837421,32.6825806451613
558.293648,563.169648,193.84928571426892,83.47408525441654,204.23871326962293,108.97237498222916,158.07547014057275,486.56631864829563,274.3884342990602,9.997825521863838,0.03244430164945337,32.67741935483872
560.771648,565.646647,150.2569999999963,92.2379060676842,198.91737400110497,116.96248941203423,165.49601254466162,494.4297017787186,285.8212857281878,9.998474030415222,0.03241940695103611,32.667419354838714
563.254702,568.124648,147.70757142857096,65.47738072220734,186.24099766710665,111.10716400263739,171.86434124694057,494.5249750973898,297.25413715731526,9.997131902409915,0.032568775141539684,32.669032258064526
565.726648,570.603648,145.66166666666427,53.28416240202155,190.66272556281334,110.35159441419107,185.017528788519,455.6920168529747,290.10860501411054,9.99868726227884,0.03261856453837421,32.668387096774204
568.204648,573.080648,173.00283333334696,84.80326078714604,187.29448261967198,95.86160197280307,160.0813760513629,504.3445773316166,280.104860013624,9.99740668270302,0.032668353935208734,32.63645161290323
570.683648,575.558648,175.59360000000197,92.68583417671758,184.5557612658766,88.4000163851208,164.09728999398493,1306.1223629878375,320.1198400155703,9.996679297325654,0.03254388044312242,32.60774193548388
573.160648,578.036648,158.24050000003353,98.84143587204447,187.9656251404929,140.20800033250615,243.45680631514892,2552.6298639795023,420.157290020436,9.99693256479799,0.03254388044312242,32.41774193548388
575.638648,580.514647,223.60300000002553,96.02830417328876,177.40084178812015,137.47391654134594,244.29272366527425,1891.1908380147838,340.1273300165434,9.992277043497321,0.03261856453837421,32.30709677419355
578.116648,582.997702,209.0105999999878,65.77633062920883,170.07488592592819,204.91745922988775,354.11764054584097,1237.7541323280027,373.473146684832,9.992221472043031,0.03259366983995694,32.51935483870969
580.594648,585.470648,105.32366666662558,38.71461042323253,193.78098647358792,90.45908047902509,174.4389972478008,447.51082652605095,457.31405716510034,9.99572194590605,0.03259366983995694,32.63451612903226
583.071648,587.947649,209.49962499996388,126.1374542948617,203.7308984574702,66.69192191912936,115.40435933843078,606.6019688066125,365.8512457320803,9.995950855783956,0.032568775141539684,32.575161290322576
585.550647,590.505648,249.12212499999953,128.5139567677697,195.5047822653673,86.08256287400629,138.7356973132424,750.2380115256507,308.68698858644274,9.996507887401137,0.032469196347870634,32.56161290322581
588.027648,592.983648,193.4274285714212,110.8289072191328,196.0883863265401,86.46525364044547,117.99847563519769,915.5091905067899,297.25413715731526,9.996777619075306,0.03251898574470516,32.56354838709677
590.585648,595.466702,177.0142000000078,79.22339008752166,181.3548436518914,132.165426034522,195.22527629729643,974.9233253070113,297.25413715731526,9.994300429704625,0.03269324863362599,32.519999999999996
593.063648,597.940648,135.01833333331584,74.26190568673258,161.94674938143984,141.90266863343763,210.8330476169496,997.9393480363109,297.25413715731526,9.994316899523428,0.03264345923679147,32.46387096774195
595.542648,600.498648,129.20779999999468,63.36305748432537,180.89940131785022,123.46716527505366,168.96348900851308,962.4211650490599,274.38843429906024,9.994957938507275,0.03251898574470516,32.43096774193549
598.020648,602.976648,195.29085714287118,56.893473124097596,194.11144187498275,57.63936597577786,96.17392756764966,978.7856543461496,262.9555828699327,9.996180285884932,0.03241940695103611,32.43
600.578647,605.454648,183.72185714287883,70.35349252457682,193.29333765655852,52.63094117859965,102.31738961377968,973.5305021060246,297.25413715731526,10.000722892010282,0.032469196347870634,32.36870967741935
603.056648,607.936702,137.86471428571596,70.70621997436511,201.05938988024582,70.9185610852712,129.86203389391954,927.8837265299422,320.1198400155703,9.998927958973301,0.032469196347870634,32.316129032258054
605.534648,610.409649,127.18939999997474,63.61406990159868,178.28032106281157,131.95614078193455,199.92994752597468,942.1757370159401,300.11235001459715,9.99720927391907,0.03241940695103611,32.29096774193548
608.012648,612.888648,144.00359999997363,78.3884893810403,177.96687976270732,131.45473653212008,195.91987213588772,812.4218914860166,330.12358501605684,10.00093204590849,0.032469196347870634,32.25774193548387
610.489648,615.365673,145.99383333330707,72.44680702743483,188.19334811656591,105.96821108845663,201.86725403031667,757.1087776817809,310.11609501508366,9.998548079364964,0.032668353935208734,32.26580645161291
612.968648,617.843648,172.49099999997952,72.53744140554781,187.06872643592948,132.06523014002795,234.02076028276022,800.9174568443439,290.10860501411054,9.995835423235265,0.03279282742729506,32.27
615.445648,620.322648,216.85757142855826,55.951749409261495,194.35909387973535,37.80153920255947,60.80354670645505,720.1706220765077,320.1198400155703,9.997160518861236,0.03261856453837421,32.27
617.923672,622.800648,251.42499999997523,28.548875719671944,189.44321615171734,56.33617024104583,101.68038054872468,676.4851957817192,297.25413715731526,9.994766615283302,0.032469196347870634,32.230000000000004
620.405702,625.278648,226.82899999995243,55.250848002540735,192.00519381620705,109.23322662637149,188.84540530242518,666.1015924239364,297.25413715731526,9.994846201444435,0.032469196347870634,32.22612903225806
622.880648,627.756648,160.19979999998668,71.77877179329197,180.23725574373552,146.82214081413517,236.14593665606705,741.4508910937165,297.25413715731526,9.998033475582178,0.03259366983995694,32.26612903225807
625.358648,630.234648,131.99083333336148,73.53580807200453,191.69086551084123,85.22914209789143,152.8311100995896,875.22442692135,297.2541371573153,9.998249922167222,0.032743038030460525,32.25967741935484
627.834648,632.710648,136.2779999999962,56.07385681653545,186.72916949111948,91.4816759126417,165.95655583990754,902.9819775168095,308.68698858644285,9.997981947102636,0.03251898574470516,32.25193548387097
630.312648,635.189648,147.84942857142727,51.86881834245959,187.92845325198854,78.94439500066926,153.7174571253174,863.3678408312613,320.11984001557033,9.996957537746662,0.03244430164945337,32.278064516129035
632.790648,637.667648,119.6666666666412,61.10282772145542,194.06550416237087,105.11643552414783,160.89743925480357,803.726015944738,331.5526914446978,9.995603753352718,0.03259366983995694,32.291612903225804
635.269648,640.149702,160.41059999997742,88.93454217030128,177.35794959383432,113.51903938346643,157.49398583204297,915.1078682833494,297.2541371573152,9.993888944250266,0.03259366983995694,32.28322580645161
637.747649,642.623648,145.62140000002728,93.77627540393588,172.18487154276193,428.53687423866484,634.5995700995171,958.9513960111427,270.10111501313736,9.99516455207064,0.03261856453837421,32.29354838709677
640.225648,645.101648,136.9998571428661,68.64195700763536,199.12446944078016,63.3503483184209,116.40038344171107,961.5436128528482,260.0973700126508,9.996471327774154,0.032693248633626,32.305806451612895
642.703648,647.579648,186.6733333332983,58.35545556522698,193.56865966442592,102.43402263407064,140.8071253465077,996.5485017605251,260.0973700126508,9.996339865721831,0.032568775141539684,32.30129032258064
645.180648,650.057649,160.21739999998772,71.55368263782707,179.30868191852335,119.39018059450383,196.85259552309552,985.8306691251616,270.10111501313736,9.992932959776276,0.03241940695103611,32.281290322580645
647.659648,652.534673,171.29214285715275,79.04842889996094,198.78868158092817,85.32704777536343,134.83514265088272,958.2398397048321,280.104860013624,9.994826172488178,0.03261856453837421,32.25129032258065
650.137648,655.013648,170.84942857141934,67.44426716474258,203.39366821387284,66.5408944223805,110.76842663794113,971.7315279743987,280.104860013624,9.998467222714922,0.03269324863362599,32.230000000000004
652.619702,657.491648,159.13757142855698,61.640847875553916,205.5834954394132,73.19506463009165,138.5793754751103,987.2101569100039,260.0973700126508,9.99679776749127,0.03254388044312242,32.19709677419356
655.093648,659.968648,148.43800000000687,79.35702212333896,208.5126704493934,69.64045224036357,112.29902666743563,949.4926585424822,260.0973700126508,9.996234977387378,0.03249409104628789,32.164193548387104
657.571648,662.446648,187.34499999999343,74.13494117937326,178.97490058577554,136.69236912973858,167.70330915472496,902.3607569246711,240.08988001167768,9.997313630451332,0.03259366983995695,32.13451612903227
660.048648,664.924679,239.99916666667787,0.5776436089063983,173.84597111279768,107.2964617485741,169.12276808479365,995.0145274700963,240.08988001167768,9.99751818079751,0.03259366983995695,32.12290322580646
662.526648,667.403648,206.57842857143092,58.8066260791702,185.13311388392748,155.42115625079347,266.8572989035384,1009.4742570130034,240.08988001167768,9.993754310760814,0.03244430164945337,32.1116129032258
665.004648,669.881647,93.33316666669589,29.81431423780521,188.57437849616736,190.435602256316,331.77615453195773,991.5360048084268,250.09362501216424,9.994692537708312,0.032568775141539684,32.08903225806451
667.483648,672.365702,80.72185714289455,1.768589949120225,203.98445421567638,79.66906402934222,159.83481055970793,974.1269410458409,270.10111501313736,9.99389715397952,0.032718143332043266,32.06677419354838
669.961648,674.837648,150.51462500001378,72.93898317591561,211.51993357784195,69.7643727911023,123.60351245474482,935.73210198692,280.104860013624,9.99605191100397,0.03264345923679147,32.02903225806452
672.438648,677.315679,149.88300000001686,73.52265672737686,205.37548093485748,77.1007180525657,131.37266311363723,981.9124318177973,280.104860013624,9.999651227757715,0.032643459236791475,32.002580645161295
674.917647,679.792648,106.66683333334959,59.62840486550998,192.46958688669847,132.6280022273996,220.00965497285029,1079.6457061601157,274.38843429906024,9.995681832608057,0.03261856453837421,31.984193548387097
677.395648,682.270648,129.0105999999696,65.77608738014786,160.71150868947333,278.41021337872934,431.0269713138892,1158.5850065601485,262.9555828699327,9.993663084285615,0.03249409104628789,31.980000000000004
679.872648,684.749648,126.00285714285876,60.05485113848436,189.35642119825067,132.5973788204432,222.8772710443377,1080.6820157596019,280.104860013624,9.994789304268028,0.03251898574470516,31.977419354838716
682.350648,687.226648,109.49287500000082,55.60948472259364,205.87567441804453,76.07355530605214,148.94439130901506,997.7211544968134,290.10860501411054,9.99790733253083,0.03251898574470516,31.936451612903223
684.834702,689.705648,159.9966249999909,79.75430748391167,206.77491850726148,66.5024212014961,118.93523071701298,991.4594681301638,260.0973700126508,9.999726447795704,0.032469196347870634,31.929032258064517
687.306648,692.182648,200.63437500000703,67.90957969229008,192.98721976844564,52.39236536081216,70.39099560092417,972.7776304030572,250.09362501216424,9.998825219736254,0.032568775141539684,31.972580645161294
689.785648,694.660648,229.15742857143024,65.01193812754835,185.82186536071674,53.028669217630814,76.8585179924623,1011.0748313809409,262.9555828699327,9.99952410031926,0.032568775141539684,31.968387096774205
692.262691,697.138647,253.00416666664205,29.9643914305734,178.8244104071812,95.03420437052294,146.8242121509214,1052.6152410334114,251.5227314408052,9.999612994834418,0.03234472285578432,31.900967741935474
694.740648,699.615648,192.61399999998048,61.93270205952393,178.8977048669271,157.23731069202705,165.84833527598323,1020.089154409012,274.38843429906024,9.997541810069562,0.03234472285578432,32.0341935483871
697.218632,702.093663,111.99979999998959,39.19159093681589,179.898951398057,157.10365721772604,209.28608562553134,1024.649880476975,290.1086050141106,9.996499156568527,0.032568775141539684,32.49096774193548
699.695648,704.576702,129.6249999999901,68.5454912813527,203.7226792021918,66.79469102807649,121.94261664509493,994.2644959468087,290.1086050141106,9.996588991088625,0.03251898574470516,32.86322580645162
702.173648,707.050647,148.8647142857157,78.66545874909984,188.12161966769438,105.87651619007836,168.09750438663437,944.4104366064175,280.104860013624,9.995956395301423,0.032369617554201584,33.03096774193549
704.652648,709.528648,102.71328571429551,56.12565040466865,187.2097750746986,111.13101448012435,194.54151604475027,958.4207584875146,280.104860013624,9.995798202588412,0.03239451225261884,33.12516129032259
707.130648,712.006648,79.27928571427856,2.204384378874945,200.2624870271524,80.06701564972252,160.473049886003,999.6444970606132,297.25413715731526,9.998108859672321,0.03251898574470516,33.19903225806452
709.608648,714.483648,147.5708571428608,88.96870914050741,179.18004513900834,261.65219665939503,347.1085315663075,950.1803279151609,310.1160950150837,9.996012242400068,0.03244430164945337,33.240645161290324
712.086647,716.961647,189.9994000000106,64.01321350660328,178.73332811622777,216.2845700476216,280.31527370731425,1040.8443188385709,300.11235001459715,9.993025103952869,0.032369617554201584,33.09032258064516
714.563647,719.439648,198.23675000000662,68.85629004449723,172.54719728647015,118.30324587009318,186.71077615510612,1101.9761698247155,297.25413715731526,9.994386527401705,0.03244430164945337,32.99870967741935
717.046702,721.918648,127.59980000000724,64.30131445128126,164.51610670037502,208.73909552356272,321.3903822110599,939.7488100034442,320.11984001557033,9.995333566331158,0.03241940695103611,33.08838709677419
719.519648,724.395648,171.57128571430545,67.13089285591154,189.5009620489266,56.64847358426968,107.17511963566318,827.4919019570929,285.8212857281877,9.997899805254342,0.032369617554201584,33.16032258064517
721.998648,726.953648,187.00000000001182,75.66117454589032,188.8807141297145,49.5798570426222,95.64006782027873,842.0564477440867,260.0973700126508,9.99991682100568,0.03241940695103611,33.15677419354839
724.475648,729.431648,107.50933333336359,38.9307128013508,188.05451114215296,105.5624277831874,172.31707449738897,866.0548146771928,270.10111501313736,10.000114177953657,0.03254388044312242,33.072258064516134
727.033648,731.911648,171.42871428573667,65.813447672104,187.04542135742878,80.55567543850032,108.55556584782342,1045.8593001581837,260.0973700126508,10.000434178368884,0.03261856453837421,32.94645161290322
729.516702,734.389648,199.66683333332944,61.32054305159173,185.25804374149027,81.24919170676954,111.57680868274447,1119.4347208413299,250.09362501216424,9.998580435741413,0.032568775141539684,32.86483870967742
731.991671,736.866648,159.71414285715062,74.37525510434202,189.74213581779225,147.6411512481808,245.7869804797725,1126.266325163046,260.0973700126508,9.99644126455605,0.03254388044312242,32.842580645161284
734.469648,739.425648,158.9920000000445,73.29588223669519,192.7772491237737,109.16547933026943,172.00229209276796,1162.7127812141584,260.0973700126508,9.995244307663574,0.03259366983995694,32.77064516129033
736.947648,741.903648,181.70657142859778,110.7799634060424,191.53770216417226,134.8765840118614,205.9895504796945,1180.763459935486,250.09362501216427,9.992440732442276,0.03259366983995694,32.657741935483884
739.505648,744.381648,188.8655000000199,132.1356445617507,199.37032018932803,137.58184236124526,214.97863133673405,1064.4038204194953,240.08988001167768,9.9942299643472,0.03251898574470516,32.63322580645163
741.988702,746.859648,137.13742857143123,110.39487600280697,190.82883830726539,114.44074574444032,170.217464929897,883.6870700824703,260.0973700126508,9.998600246387161,0.03259366983995694,32.64064516129034
744.461648,749.337633,128.19680000000062,63.605569889467354,191.29301548751226,81.4918786213171,144.68980389008803,1581.2556368642865,293.4431866809394,9.996268313040826,0.03261856453837421,32.703225806451606
746.939648,751.815648,212.99500000001595,36.766017597746476,184.82709590378138,96.95134527130975,180.60337664387296,2329.5984738833085,400.1498000194629,9.992012431356711,0.03241940695103611,32.58225806451613
749.417633,754.293648,245.05400000009558,0.0,179.32715470653136,82.92482431093954,138.52371812077595,2776.5436536750567,560.209720027248,9.993356871754466,0.032469196347870634,32.33999999999999
751.895648,756.772673,243.02750000003925,2.0265000000563305,190.5783818668097,145.90471455958743,210.87941399769682,2489.122656146459,480.17976002335536,9.99509806483151,0.032743038030460525,32.273548387096774
754.373648,759.249648,200.2495000000124,117.74528529094502,183.1794855851549,262.5938802681805,436.20957663022267,184.47822672730226,228.65702858255023,9.99510632020502,0.032693248633626,32.69112903225807
756.852647,761.732702,199.48650000000612,88.09713415742557,197.7499460727013,75.80817403888018,139.83161796643128,174.82477831302518,280.104860013624,9.995521549043334,0.032568775141539684,33.31193548387096
759.329648,764.206648,150.1249999999743,64.11428549083958,191.74205966395678,83.14301348183177,155.24326118278762,137.41244023701856,280.104860013624,9.99475439319359,0.03259366983995694,33.43016129032258
761.808648,766.684648,183.7295714285574,71.9951803066539,184.2346855766006,95.63485296089355,154.67785128910563,127.2687955704016,250.0936250121643,9.994379227451656,0.03261856453837421,33.42258064516129
764.286647,769.162648,206.72957142856572,58.70942965353807,177.94377554756238,115.48309654903852,183.72285774329885,170.9418307707213,320.1198400155703,9.99657127820912,0.032668353935208734,33.520806451612906
766.764648,771.640648,226.66716666666767,52.54715210935759,177.6060976486414,123.48260555934381,158.42765119967007,156.77922254264874,331.5526914446977,9.998160893155786,0.03259366983995694,33.618064516129046
769.242648,774.117648,219.36924999997132,76.65758294316875,197.88580535108426,75.50308579345203,132.2415521290771,80.9213350652529,260.0973700126508,9.995978711534685,0.03261856453837421,33.65161290322581
771.720653,776.596647,205.85728571427353,72.5069094554452,182.12488134905246,131.75482363344568,211.72666892623394,94.10583818499455,280.104860013624,9.99773967988152,0.032568775141539684,33.63370967741936
774.203702,779.074648,193.21079999997437,96.7883305247486,195.35519875114917,101.8723238923484,182.72525414010414,124.19895930335831,297.25413715731526,9.999922112485061,0.03244430164945337,33.57064516129032
776.676648,781.551691,161.2105999999585,102.32075551836125,182.19643191717793,240.82258828147135,374.176655005455,123.99100974716951,251.52273144080522,9.998942418038029,0.032568775141539684,33.50806451612903
779.154647,784.028648,260.23925000001213,118.46545159532121,148.43774104951825,260.9651607062747,426.34421878021595,95.48888487465939,270.1011150131374,9.997485027946155,0.032568775141539684,33.48225806451614
781.631648,786.507648,80.00000000004093,0.0,185.53559536952878,151.43257958545385,150.3377051072205,1146.9415091453727,320.1198400155703,9.994750929363091,0.03251898574470516,33.42129032258064
784.108647,788.985648,191.78739999999834,119.38509627016536,202.88526259342353,65.36103160716509,92.17548824076191,624.4607542764659,260.09737001265086,9.996289247076811,0.03287091442170179,33.24
786.587648,791.463632,139.99674999999456,87.17264554712744,206.22802129344453,60.944823180889735,82.04742430166091,502.3825652021029,342.98554287382524,9.998033554286238,0.032771335628032736,32.943548387096776
789.065648,793.946702,129.2482500000176,54.200473343793945,188.92134216167028,206.35957766124852,331.97496166664126,182.99581887531446,248.09287601206697,9.998100412194226,0.03251898574470516,32.8941935483871
791.543648,796.418648,172.32633333336858,84.61274555619177,164.7562063939142,181.15734777267582,247.35704347665853,151.04721260088877,216.08089201050993,9.999464379270785,0.032568775141539684,33.21064516129033
794.020648,798.897648,149.8736249999979,82.96475615575989,184.4283836528625,154.05778913438064,198.54787317511827,161.94561437223533,240.08988001167765,9.998431746459737,0.03249409104628789,33.40225806451613
796.498661,801.374651,159.7774444444566,74.03184605004515,215.0527488423177,63.802685212393534,102.53252402944587,209.5876121383783,231.19766223346744,9.994367459297148,0.03249409104628789,33.39000000000001
798.977648,803.854648,200.5060000000043,97.68572992510322,196.7496910113608,54.013942075080806,76.20478477013218,214.08033705642578,274.38843429906024,9.993419399263338,0.03249409104628789,33.39000000000001
801.454649,806.332673,205.85671428573602,83.38732195129212,195.6162139286956,47.48887535965902,54.23809330880123,213.21231701503393,251.52273144080522,9.99718289064727,0.032643459236791475,33.38161290322579
803.934648,808.809647,239.37100000001976,55.75262581261558,192.49538932399304,76.41755191523661,86.34924758796303,213.35263203328782,257.87431556809827,9.999937314593373,0.03269324863362599,33.36483870967742
806.417702,811.288653,205.57214285715222,93.12103498356754,182.36908233999625,119.98320008336906,161.78829024153544,180.02095524928015,216.08089201050993,9.998280391031573,0.03251898574470516,33.32967741935483
808.889648,813.765648,199.11850000001152,97.65014054010456,197.7735376395722,102.29924921833785,174.8513239405464,158.08485055909446,231.19766223346738,9.997747826238633,0.03259366983995694,33.23193548387097
811.368653,816.243648,223.90259999998534,99.92729656122347,197.51020510012927,56.267369008346456,86.11654361654486,164.2928542138681,216.08089201050993,9.998239957430478,0.03259366983995694,33.16967741935485
813.845648,818.720651,231.56522222219186,102.77361885746701,203.11953560500797,61.57813733102172,95.29126844661081,195.1584277692413,275.65875112451886,9.996216559205944,0.032469196347870634,33.133870967741935
816.323648,821.198648,228.8681249999911,116.28107207797756,202.25451836916747,194.16108782449095,302.7700109378171,239.0628950301659,310.1160950150837,9.997386332264087,0.03251898574470516,32.975806451612904
