timestamp_us,ecg,leads,ir,red,accX,accY,accZ,gyroX,gyroY,gyroZ,temp
1919495,2559,1,194280,237377,0.00,0.00,0.00,0.00,0.00,0.00,0.00
1949966,2186,1,193532,236845,-0.60,-1.44,9.56,-0.10,-0.14,-0.08,28.07
1990222,2081,1,193589,237136,-0.75,-1.36,10.03,-0.01,0.03,-0.07,28.07
2030196,2022,1,193636,237381,-0.78,-1.39,9.82,0.05,-0.00,-0.00,28.07
2070199,1843,1,193582,237397,-0.92,-1.45,9.92,0.02,0.06,-0.00,28.07
2110177,1951,1,193523,237853,-1.15,-1.43,9.90,0.07,0.06,0.06,28.07
2150170,1765,1,193664,237787,-0.85,-1.35,9.62,0.04,0.11,0.08,28.07
2190167,1671,1,193508,236913,-0.77,-1.31,9.84,0.02,0.10,0.01,28.07
2230171,1352,1,193065,236098,-0.99,-1.31,9.94,0.04,0.09,-0.00,28.07
2270177,1129,1,192844,235797,-1.12,-1.25,9.93,0.03,0.12,0.06,28.07
2310171,1007,1,192877,235572,-1.06,-1.28,9.77,-0.00,-0.03,0.04,28.07
2350196,1043,1,192698,235028,-0.98,-1.25,9.68,-0.08,-0.04,-0.01,28.07
2390214,1136,1,192501,234043,-0.96,-1.15,9.68,-0.05,-0.06,-0.04,28.07
2430216,1200,1,191810,232198,-0.94,-1.18,9.77,0.00,-0.08,-0.02,28.07
2470199,1266,1,190798,228793,-0.98,-1.21,9.85,-0.02,-0.07,-0.05,28.07
2510212,1341,1,189589,226252,-1.08,-1.34,10.10,-0.01,-0.11,-0.04,28.07
2550216,1265,1,189107,225065,-0.82,-1.23,9.55,-0.03,-0.14,-0.07,28.07
2590213,1091,1,188580,224016,-0.70,-1.19,9.67,-0.02,-0.11,-0.09,28.07
2630214,1122,1,188073,222595,-0.88,-1.29,9.96,-0.07,-0.09,-0.03,28.07
2670212,1241,1,187167,220547,-0.97,-1.22,9.62,-0.11,-0.19,-0.00,28.07
2710216,1341,1,186869,220080,-0.76,-1.47,9.97,-0.09,-0.20,-0.01,28.07
2750212,1341,1,186752,219934,-0.59,-1.42,9.65,-0.09,-0.09,-0.01,28.07
2790214,1503,1,186674,220257,-0.58,-1.24,9.88,-0.07,-0.03,0.03,28.07
2828196,1680,1,186708,220703,-0.44,-1.31,9.90,-0.07,-0.11,0.01,28.07
2868199,1648,1,187069,221476,-0.61,-1.33,10.03,-0.07,0.06,0.00,28.07
2908177,1818,1,187416,222042,-0.68,-1.46,10.01,-0.04,0.01,0.01,28.07
2948179,1872,1,187474,222143,-0.56,-1.50,9.70,-0.10,0.03,-0.01,28.07
2988882,1941,1,187336,221825,-0.62,-1.33,9.68,-0.12,-0.01,-0.02,28.07
3029216,2079,1,187021,221553,-0.69,-1.36,9.86,-0.09,-0.08,-0.01,28.07
3069212,2086,1,186934,221208,-0.90,-1.48,9.93,-0.07,-0.02,0.00,28.07
3109199,2053,1,186332,218785,-0.63,-1.55,10.03,0.02,-0.02,0.05,28.07
3149177,2159,1,185581,217296,-0.36,-1.51,9.60,-0.03,-0.03,-0.00,28.07
3189213,2160,1,185435,217396,-0.49,-1.34,9.83,-0.03,0.01,-0.01,28.07
3229210,2230,1,185510,217599,-0.62,-1.37,9.93,0.02,-0.06,0.02,28.07
3269179,2117,1,185532,217808,-0.74,-1.47,9.89,-0.09,-0.01,0.03,28.07
3309196,2230,1,185618,218388,-0.68,-1.62,10.03,-0.01,-0.03,0.02,28.07
3349200,2176,1,185684,218686,-0.40,-1.57,9.49,-0.04,-0.00,0.00,28.07
3389196,2093,1,185594,218754,-0.57,-1.41,9.78,-0.06,-0.05,-0.02,28.07
3429239,2164,1,185629,218752,-0.56,-1.33,9.78,-0.05,-0.06,0.01,28.07
3469196,2168,1,185595,219277,-0.63,-1.58,10.03,-0.05,0.01,-0.02,28.07
3509199,2294,1,186198,220968,-0.76,-1.51,10.20,0.09,0.07,0.03,28.07
3549166,2220,1,187072,223074,-0.49,-1.45,9.69,0.05,0.15,0.04,28.07
3589170,2117,1,187613,224695,-0.67,-1.30,9.66,-0.01,0.09,0.01,28.07
3629177,2117,1,188172,226402,-0.73,-1.26,9.73,-0.01,-0.06,-0.01,28.07
3669214,1887,1,188737,227829,-0.73,-1.35,9.80,-0.06,0.05,-0.02,28.07
3709196,1811,1,189158,228918,-0.74,-1.47,10.13,-0.02,-0.05,-0.02,28.07
3749214,1765,1,189320,226741,-0.64,-1.47,9.61,-0.01,-0.02,-0.00,28.07
3789212,1808,1,187549,222393,-0.73,-1.33,9.76,0.01,0.00,-0.02,28.07
3829179,1909,1,186869,221698,-0.69,-1.27,9.77,0.03,-0.03,-0.03,28.07
3869196,1836,1,186846,222181,-0.71,-1.36,9.94,-0.03,0.06,-0.02,28.07
3909199,1729,1,187098,222880,-0.82,-1.53,10.14,0.02,-0.08,-0.01,28.07
3949200,1641,1,187345,223725,-0.61,-1.30,9.55,-0.02,0.02,-0.03,28.07
3989886,1621,1,187652,225069,-0.70,-1.16,9.77,-0.03,0.03,-0.03,28.71
4028200,1615,1,187991,225480,-0.67,-1.20,9.81,-0.03,-0.08,-0.02,28.71
4068214,1509,1,187856,224721,-0.76,-1.26,9.96,-0.04,0.03,-0.01,28.71
4108197,1265,1,187445,224113,-0.73,-1.37,10.20,0.04,-0.04,0.01,28.71
4148179,1367,1,187136,224203,-0.61,-1.42,9.79,-0.03,-0.05,-0.02,28.71
4188212,1411,1,187311,225021,-0.68,-1.28,9.64,-0.05,0.04,-0.01,28.71
4228200,1712,1,187512,225868,-0.63,-1.22,9.66,-0.04,-0.00,0.01,28.71
4268197,1988,1,187940,226989,-0.79,-1.30,9.87,-0.08,0.01,-0.02,28.71
4308199,2161,1,188314,228430,-0.83,-1.42,10.00,-0.04,-0.04,0.01,28.71
4348196,2332,1,188738,229070,-0.64,-1.34,9.75,-0.06,0.02,-0.04,28.71
4388200,2347,1,188247,225473,-0.65,-1.24,9.90,-0.08,0.08,-0.06,28.71
4428196,2297,1,187349,225071,-0.75,-1.40,9.98,0.02,0.09,0.01,28.71
4468170,2214,1,187751,226361,-0.84,-1.32,9.81,0.01,0.10,0.02,28.71
4508167,2096,1,188057,227457,-0.80,-1.36,9.86,0.00,0.02,-0.01,28.71
4548180,2192,1,188493,228483,-0.76,-1.31,9.66,-0.04,-0.03,-0.03,28.71
4588213,2246,1,188823,229625,-0.74,-1.22,9.68,-0.07,-0.09,-0.04,28.71
4628214,2299,1,189265,230906,-0.76,-1.23,9.75,-0.09,-0.10,-0.04,28.71
4668212,2381,1,189620,231322,-0.83,-1.30,10.03,-0.08,0.04,-0.01,28.71
4708200,2451,1,189790,231750,-0.86,-1.54,10.14,-0.01,-0.02,0.01,28.71
4748199,2430,1,190018,232885,-0.66,-1.33,9.51,-0.03,-0.00,-0.01,28.71
4788214,2510,1,190329,233993,-0.77,-1.21,9.70,-0.02,-0.01,-0.01,28.71
4828212,2512,1,190632,235058,-0.76,-1.22,9.73,-0.04,-0.02,0.01,28.71
4868238,2491,1,190979,235831,-0.88,-1.45,10.18,-0.07,0.02,-0.01,28.71
4908199,2505,1,191214,236352,-0.79,-1.47,9.95,0.04,-0.04,0.02,28.71
4948179,2480,1,191431,236884,-0.63,-1.38,9.52,-0.04,0.05,0.01,28.71
4988177,2449,1,191498,236871,-0.80,-1.24,9.84,-0.06,0.01,-0.00,28.71
5028886,2238,1,191341,235964,-0.87,-1.24,9.87,-0.02,-0.11,-0.01,28.53
5067216,2371,1,190398,232212,-0.89,-1.33,9.85,-0.07,0.03,0.00,28.53
5107179,2419,1,189661,231617,-0.93,-1.52,10.24,0.03,-0.03,0.01,28.53
5147179,2369,1,189786,231969,-0.76,-1.37,9.71,0.04,0.07,0.02,28.53
5187171,2339,1,189835,231928,-0.71,-1.16,9.63,-0.01,0.06,0.04,28.53
5227177,2290,1,189860,232255,-0.87,-1.21,9.68,-0.03,-0.04,0.05,28.53
5267199,2205,1,190282,233277,-0.90,-1.26,9.95,-0.01,0.05,0.02,28.53
5307177,2205,1,190663,233781,-0.80,-1.34,9.94,0.03,-0.08,-0.00,28.53
5347200,2141,1,190905,234020,-0.70,-1.27,9.60,-0.05,-0.01,-0.01,28.53
5387212,2062,1,191092,234441,-0.88,-1.10,9.77,-0.06,-0.05,-0.01,28.53
5427214,1977,1,191490,235082,-0.76,-1.10,9.72,-0.05,-0.12,-0.03,28.53
5467212,1953,1,191773,235459,-0.83,-1.33,10.06,-0.09,-0.00,-0.03,28.53
5507214,1845,1,191974,236078,-0.88,-1.49,10.25,-0.00,-0.03,0.01,28.53
5547218,1823,1,192225,236458,-0.69,-1.30,9.56,-0.05,0.00,-0.01,28.53
5587200,1947,1,192324,236417,-0.75,-1.14,9.62,-0.03,-0.04,-0.01,28.53
5627213,1903,1,192335,236407,-0.74,-1.22,9.76,-0.04,-0.04,0.00,28.53
5667200,1922,1,192281,236390,-0.83,-1.39,10.19,-0.08,0.02,-0.02,28.53
5708200,1837,1,192247,236365,-0.82,-1.45,10.09,0.02,-0.05,0.02,28.53
5748179,1882,1,192228,235541,-0.81,-1.35,9.71,0.02,0.06,0.06,28.53
5788166,1885,1,191758,232752,-0.90,-1.21,9.96,0.08,0.16,0.10,28.53
5828170,1655,1,191826,232665,-0.79,-1.04,9.91,0.10,-0.03,0.08,28.53
5868177,1722,1,192023,233617,-0.74,-1.11,9.76,0.01,-0.03,0.02,28.53
5908179,1718,1,192325,234296,-0.91,-1.34,10.01,0.00,-0.04,0.01,28.53
5948177,1776,1,192494,234549,-0.68,-1.14,9.39,-0.05,-0.06,-0.03,28.53
5988216,1872,1,192581,235094,-0.79,-0.99,9.69,-0.06,-0.02,-0.04,28.53
6028899,1917,1,192793,235542,-0.80,-1.09,9.97,-0.05,-0.06,-0.01,28.39
6067213,1919,1,193102,235773,-0.89,-1.21,10.09,-0.05,0.06,0.01,28.39
6107177,1931,1,193517,236112,-0.90,-1.31,10.14,0.03,-0.02,0.01,28.39
6147179,1941,1,193749,236587,-0.66,-1.19,9.48,-0.02,-0.03,-0.01,28.39
6187212,1950,1,193833,236781,-0.74,-1.04,9.60,-0.02,-0.01,-0.02,28.39
6227213,1952,1,193853,237067,-0.79,-1.01,9.87,-0.04,-0.10,-0.02,28.39
6267211,2007,1,193889,237179,-0.82,-1.19,10.22,-0.07,-0.00,-0.04,28.39
6307214,2083,1,193968,237313,-0.87,-1.31,10.22,0.02,-0.03,-0.00,28.39
6347196,2075,1,194024,237479,-0.63,-1.14,9.46,-0.04,0.02,-0.01,28.39
6387199,2025,1,194117,237513,-0.82,-1.04,9.76,-0.04,0.01,0.00,28.39
6427177,2000,1,194108,237180,-0.73,-1.01,9.74,-0.04,-0.10,-0.01,28.39
6467214,2026,1,193337,233614,-0.81,-1.26,10.18,-0.07,0.01,-0.02,28.39
6507239,2045,1,192489,232491,-0.82,-1.30,10.15,-0.01,-0.03,-0.02,28.39
6547212,2129,1,192459,233162,-0.74,-1.21,9.62,-0.07,-0.07,-0.04,28.39
6587212,2199,1,192690,233995,-0.77,-1.01,9.63,-0.04,-0.01,-0.03,28.39
6627213,2114,1,192972,234769,-0.69,-1.03,9.80,-0.06,-0.06,-0.02,28.39
6667212,1994,1,193280,235603,-0.75,-1.20,10.13,-0.06,-0.02,-0.03,28.39
6707239,2032,1,193432,235877,-0.75,-1.30,10.16,0.02,-0.02,0.01,28.39
6747177,1941,1,193423,235865,-0.66,-1.20,9.65,-0.06,0.01,0.00,28.39
6787177,1938,1,193430,236213,-0.79,-1.07,9.73,-0.05,0.06,0.01,28.39
6827177,1887,1,193590,236758,-0.69,-1.09,9.75,-0.05,-0.04,0.01,28.39
6867199,1867,1,193813,237551,-0.78,-1.29,10.11,-0.07,0.04,-0.01,28.39
6907194,1792,1,194120,237994,-0.80,-1.41,10.10,0.01,-0.06,-0.01,28.39
6947199,1808,1,194361,238596,-0.64,-1.22,9.50,-0.05,-0.02,-0.03,28.39
6987212,1638,1,194645,238923,-0.78,-0.99,9.77,-0.06,-0.01,-0.03,28.39
7027214,1671,1,194706,239306,-0.65,-1.04,9.78,-0.04,-0.08,-0.01,28.39
7067898,1515,1,194883,239534,-0.81,-1.25,10.16,-0.05,0.04,-0.00,28.33
7106199,1508,1,194907,238991,-0.79,-1.34,10.26,0.03,-0.08,0.00,28.33
7146179,1574,1,194243,235411,-0.66,-1.26,9.54,-0.03,-0.00,-0.00,28.33
7186213,1616,1,193199,233078,-0.74,-1.03,9.68,-0.03,0.02,-0.02,28.33
7226195,1723,1,192789,232993,-0.70,-1.07,9.77,-0.05,-0.08,-0.02,28.33
7266213,1623,1,192882,233188,-0.73,-1.23,10.12,-0.07,0.02,-0.01,28.33
7306199,1683,1,192994,233654,-0.75,-1.44,10.19,0.03,-0.00,0.01,28.33
7346178,1781,1,193291,234898,-0.62,-1.28,9.49,-0.03,0.01,0.01,28.33
7386177,1824,1,193657,235785,-0.73,-1.01,9.67,-0.06,-0.02,-0.01,28.33
7426213,1911,1,193823,236012,-0.70,-1.05,9.81,-0.03,-0.05,0.01,28.33
7466195,1908,1,193853,236305,-0.74,-1.22,10.14,-0.06,0.05,-0.00,28.33
7506199,1895,1,193927,236800,-0.80,-1.39,10.21,-0.00,-0.07,0.01,28.33
7546196,1985,1,194172,237579,-0.59,-1.29,9.54,-0.05,0.01,-0.01,28.33
7586199,1925,1,194357,237844,-0.74,-1.08,9.71,-0.04,0.03,0.01,28.33
7626177,1973,1,194419,238289,-0.69,-1.08,9.76,-0.06,-0.05,0.00,28.33
7666199,1997,1,194602,238554,-0.75,-1.26,10.12,-0.07,0.05,-0.00,28.33
7706196,2075,1,194631,238667,-0.77,-1.43,10.13,0.02,-0.06,0.00,28.33
7746178,2081,1,194612,238776,-0.64,-1.25,9.53,-0.04,-0.02,-0.02,28.33
7786212,2022,1,194734,238741,-0.70,-1.03,9.65,-0.02,-0.03,-0.00,28.33
7826213,2113,1,194570,237017,-0.72,-1.14,9.75,-0.03,-0.06,0.01,28.33
7866199,2031,1,193494,234167,-0.77,-1.26,10.17,-0.03,0.06,-0.02,28.33
7906199,1892,1,193350,234709,-0.74,-1.34,10.07,0.05,-0.07,0.01,28.33
7946177,1847,1,193734,235935,-0.60,-1.23,9.51,-0.06,0.02,-0.00,28.33
7986199,1856,1,194016,236606,-0.72,-1.03,9.65,-0.03,-0.00,-0.01,28.33
8026220,1814,1,194192,236842,-0.61,-1.01,9.72,-0.06,-0.10,-0.01,28.33
8066213,1807,1,194160,237327,-0.78,-1.23,10.15,-0.06,-0.07,-0.03,28.33
8106899,1778,1,194415,237930,-0.70,-1.34,10.23,0.05,-0.01,0.03,28.25
8145198,1836,1,194663,238674,-0.61,-1.30,9.85,-0.07,0.02,-0.02,28.25
8185195,1808,1,194870,239158,-0.67,-1.05,9.62,-0.05,0.05,-0.00,28.25
8225199,1763,1,194888,239544,-0.69,-1.09,9.74,-0.04,0.00,0.03,28.25
8265177,1703,1,194915,239652,-0.69,-1.21,9.96,-0.07,0.05,-0.01,28.25
8305199,1703,1,194832,239427,-0.81,-1.32,10.21,0.01,-0.02,-0.01,28.25
8345243,1654,1,194669,238253,-0.73,-1.23,9.46,-0.06,-0.06,-0.03,28.25
8385215,1696,1,194236,235161,-0.61,-1.19,9.79,-0.05,0.03,-0.06,28.25
8425198,1803,1,193044,231930,-0.73,-1.09,9.70,-0.03,-0.04,-0.08,28.25
8465212,1763,1,192456,230957,-0.69,-1.15,9.81,-0.11,0.03,-0.04,28.25
8505198,1820,1,191862,228281,-0.77,-1.46,10.39,0.01,-0.01,0.03,28.25
8545178,1875,1,190559,225350,-0.66,-1.37,9.80,0.00,0.00,0.03,28.25
8585164,1993,1,189408,223923,-0.58,-1.15,9.65,-0.03,0.06,-0.01,28.25
8625199,2010,1,188385,223239,-0.68,-1.24,9.84,-0.03,-0.05,-0.01,28.25
8665211,2078,1,187880,222620,-0.78,-1.18,9.82,-0.08,0.01,-0.02,28.25
8705198,2067,1,187455,222594,-0.82,-1.23,9.87,-0.09,-0.02,-0.01,28.25
8745211,2097,1,187291,222723,-0.71,-1.30,9.86,-0.08,0.03,-0.04,28.25
8785199,2029,1,187116,221799,-0.70,-1.21,9.89,-0.05,0.04,-0.04,28.25
8825195,2107,1,186863,220239,-0.61,-1.27,9.76,-0.07,-0.02,-0.03,28.25
8865213,2157,1,186208,219122,-0.74,-1.31,9.65,-0.14,-0.05,-0.08,28.25
8905212,2202,1,185728,218833,-0.90,-1.35,9.85,-0.07,0.02,0.01,28.25
8945179,2195,1,185718,219886,-0.74,-1.42,9.90,-0.09,0.01,0.01,28.25
8985177,2224,1,186439,223433,-0.69,-1.38,9.81,-0.12,-0.09,-0.05,28.25
9025275,2234,1,187662,227246,-0.76,-1.48,9.92,-0.07,0.01,0.01,28.25
9065179,2238,1,188684,230604,-0.76,-1.49,10.12,-0.05,0.03,0.01,28.25
9105178,2384,1,189726,233382,-0.81,-1.51,10.19,0.01,0.09,0.03,28.25
9145856,2403,1,190776,235418,-0.79,-1.45,9.70,-0.04,0.13,0.03,28.37
9186177,2283,1,191498,236356,-0.86,-1.28,9.54,0.01,0.06,-0.00,28.37
9226177,2368,1,191754,234788,-0.94,-1.24,9.52,0.03,0.06,0.03,28.37
9266166,2278,1,191260,233749,-0.97,-1.40,9.95,-0.04,0.05,-0.03,28.37
9306194,2191,1,191743,235209,-0.98,-1.44,10.06,0.04,-0.05,-0.02,28.37
9346199,2033,1,192361,236136,-0.74,-1.45,9.51,-0.06,-0.04,-0.04,28.37
9386212,1936,1,192702,236396,-0.92,-1.34,9.64,-0.07,-0.04,-0.03,28.37
9426214,1856,1,192789,236773,-0.92,-1.36,9.82,-0.04,-0.11,-0.01,28.37
9466212,1780,1,192941,237281,-0.83,-1.46,10.16,-0.04,-0.02,-0.02,28.37
9506216,1695,1,193134,237541,-0.80,-1.53,10.15,0.01,-0.04,0.02,28.37
9546177,1686,1,193099,237774,-0.77,-1.38,9.39,-0.06,-0.01,-0.01,28.37
9585216,1682,1,193165,238101,-0.91,-1.20,9.52,-0.03,0.00,0.00,28.37
9625177,1843,1,193233,238485,-0.91,-1.35,9.84,-0.05,0.01,0.03,28.37
9665178,2016,1,193349,238702,-0.81,-1.41,10.10,-0.08,0.02,-0.01,28.37
9705199,2144,1,193462,239003,-0.90,-1.61,10.22,0.00,0.01,0.01,28.37
9745166,2240,1,193649,239096,-0.78,-1.44,9.56,-0.05,0.01,-0.01,28.37
9785212,2381,1,193772,239209,-0.91,-1.25,9.54,-0.04,0.04,-0.01,28.37
9825199,2432,1,193886,239420,-0.98,-1.33,9.89,-0.06,0.01,0.02,28.37
9865179,2471,1,194065,239585,-0.99,-1.48,10.16,-0.06,0.06,0.03,28.37
9905178,2396,1,194440,239649,-0.95,-1.49,10.01,0.04,0.07,0.07,28.37
9945166,2391,1,194359,238432,-0.82,-1.41,9.55,-0.06,-0.01,-0.00,28.37
9985246,2382,1,193897,237941,-1.02,-1.27,9.44,-0.06,-0.10,-0.07,28.37
10025231,2345,1,194131,238568,-1.02,-1.33,9.81,-0.01,0.01,0.02,28.37
10065179,2259,1,194272,238815,-0.90,-1.48,10.23,-0.07,0.07,0.01,28.37
10105179,2225,1,194389,239116,-0.98,-1.63,10.16,0.00,-0.07,0.01,28.37
10145865,2208,1,194447,239463,-0.91,-1.41,9.30,-0.05,0.01,-0.00,28.11
10184195,2179,1,194583,239602,-0.98,-1.23,9.44,-0.03,0.01,0.01,28.11
10224178,2064,1,194620,239619,-0.96,-1.25,9.52,-0.06,-0.14,-0.01,28.11
10264212,2047,1,194621,239644,-0.98,-1.46,10.11,-0.08,0.04,0.00,28.11
10304178,2062,1,194734,239690,-0.97,-1.62,10.35,-0.01,0.03,0.01,28.11
10344178,1926,1,194785,239747,-0.91,-1.48,9.55,-0.04,-0.05,-0.02,28.11
10384215,1872,1,194946,239835,-1.06,-1.30,9.48,-0.06,-0.01,0.00,28.11
10424199,1899,1,195063,239958,-0.97,-1.34,9.70,-0.06,-0.04,0.01,28.11
10464199,1907,1,195203,240018,-0.96,-1.50,10.13,-0.07,0.01,-0.02,28.11
10504199,1898,1,195462,240243,-0.96,-1.64,10.31,0.04,0.02,0.03,28.11
10544170,1854,1,195607,240189,-0.79,-1.51,9.45,-0.05,-0.01,-0.02,28.11
10584211,1841,1,195613,239882,-0.97,-1.24,9.42,-0.05,-0.04,-0.03,28.11
10625216,1825,1,195170,237912,-1.04,-1.34,9.70,-0.04,-0.07,-0.00,28.11
10665211,1828,1,194401,236766,-0.96,-1.54,10.29,-0.05,0.07,-0.03,28.11
10705199,1695,1,194523,237482,-0.90,-1.64,10.14,0.03,-0.05,-0.01,28.11
10745199,1770,1,194753,237979,-0.84,-1.47,9.32,-0.04,-0.05,-0.03,28.11
10785216,1728,1,194812,238193,-0.98,-1.31,9.37,-0.06,0.02,-0.03,28.11
10825199,1715,1,194779,238358,-0.98,-1.30,9.73,-0.06,-0.03,-0.02,28.11
10865212,1783,1,194824,238452,-0.88,-1.50,10.18,-0.06,0.01,-0.01,28.11
10905199,1737,1,194770,238417,-0.91,-1.69,10.38,0.01,0.02,0.01,28.11
10945169,1783,1,194783,238544,-0.90,-1.53,9.55,-0.01,-0.01,-0.02,28.11
10985212,1763,1,194743,238588,-0.95,-1.28,9.39,-0.03,-0.01,-0.02,28.11
11025231,1653,1,194646,238588,-0.92,-1.31,9.67,-0.07,-0.06,-0.01,28.11
11065211,1727,1,194637,238741,-0.93,-1.51,10.18,-0.04,0.05,-0.00,28.11
11105199,1807,1,194679,238858,-0.90,-1.67,10.29,0.03,0.01,0.01,28.11
11145852,1837,1,194772,238898,-0.86,-1.54,9.43,-0.04,-0.03,-0.02,27.87
11184215,1851,1,194714,238947,-1.02,-1.28,9.39,-0.04,-0.00,-0.02,27.87
11224212,1840,1,194839,239110,-1.02,-1.31,9.66,-0.05,0.01,0.01,27.87
11264178,1840,1,194622,236485,-1.01,-1.46,10.26,-0.06,0.06,-0.00,27.87
11304199,1884,1,193464,233958,-0.95,-1.63,10.34,0.04,0.02,0.03,27.87
11344169,1791,1,193265,234256,-0.80,-1.50,9.36,-0.01,-0.05,-0.02,27.87
11384212,1750,1,193232,234769,-1.06,-1.30,9.29,-0.06,-0.06,-0.05,27.87
11424211,1847,1,193377,235251,-1.05,-1.32,9.69,-0.06,-0.03,-0.01,27.87
11464211,1785,1,193530,235739,-0.96,-1.42,10.22,-0.07,0.05,-0.01,27.87
11504199,1855,1,193657,236257,-0.90,-1.62,10.16,0.01,-0.05,0.00,27.87
11544179,1758,1,193802,236587,-0.91,-1.53,9.46,-0.03,-0.03,-0.02,27.87
11584215,1746,1,193831,236629,-1.02,-1.29,9.43,-0.03,0.02,-0.02,27.87
11625194,1808,1,193824,236904,-0.98,-1.29,9.73,-0.06,-0.02,0.00,27.87
11663198,1866,1,193820,237001,-0.99,-1.40,10.07,-0.08,0.01,-0.01,27.87
11703199,1909,1,193880,237043,-0.94,-1.63,10.36,0.02,-0.03,0.01,27.87
11743178,1903,1,193974,237487,-0.87,-1.60,9.68,-0.02,-0.03,-0.02,27.87
11783211,1792,1,194087,237890,-1.05,-1.37,9.43,-0.04,0.02,-0.01,27.87
11823218,1777,1,194103,238097,-1.02,-1.30,9.50,-0.05,-0.03,0.01,27.87
11863196,1789,1,194228,238316,-0.96,-1.41,10.09,-0.08,0.05,0.01,27.87
11903178,1762,1,194105,236089,-0.95,-1.64,10.22,0.01,-0.04,0.01,27.87
11943178,1791,1,192679,232452,-0.95,-1.62,9.66,-0.02,-0.04,-0.03,27.87
11983215,1776,1,192201,232579,-1.09,-1.32,9.47,-0.02,0.02,-0.02,27.87
12023216,1813,1,192454,233253,-1.00,-1.30,9.50,-0.05,-0.00,0.00,27.87
12063199,1776,1,192757,233895,-1.08,-1.47,10.14,-0.09,0.07,0.01,27.87
12103179,1769,1,193049,234361,-1.00,-1.62,10.28,0.02,0.08,0.04,27.87
12143170,1870,1,193339,235073,-0.95,-1.59,9.65,-0.03,0.04,0.00,27.87
12183863,1875,1,193473,235213,-1.11,-1.35,9.35,-0.05,-0.04,-0.03,27.93
12224212,1904,1,193432,235316,-1.13,-1.26,9.46,-0.07,0.05,-0.00,27.93
12264194,1966,1,193580,235536,-1.13,-1.47,10.19,-0.07,0.10,-0.00,27.93
12304199,2000,1,193718,236161,-1.15,-1.73,10.32,0.03,-0.03,0.02,27.93
12344177,2064,1,194044,236853,-1.02,-1.55,9.47,-0.03,0.06,0.01,27.93
12384179,2142,1,194147,236939,-1.17,-1.35,9.31,-0.05,-0.00,-0.02,27.93
12424211,2227,1,194160,237137,-1.18,-1.34,9.51,-0.05,-0.09,-0.02,27.93
12464212,2138,1,194213,237454,-1.12,-1.50,10.02,-0.08,-0.00,-0.02,27.93
12504212,2179,1,194325,237829,-1.14,-1.63,10.36,0.02,0.02,0.03,27.93
12544171,2154,1,194452,237965,-1.08,-1.54,9.62,-0.04,-0.02,0.01,27.93
12584199,2176,1,193738,233949,-1.22,-1.35,9.30,-0.04,-0.00,0.01,27.93
12624199,2199,1,192605,233369,-1.23,-1.38,9.64,-0.02,0.01,0.02,27.93
12663179,2147,1,192991,234772,-1.12,-1.47,10.02,-0.07,0.04,0.01,27.93
12703178,2237,1,193505,236253,-1.21,-1.74,10.34,0.02,-0.02,0.03,27.93
12743178,2177,1,194144,237622,-1.18,-1.59,9.79,0.00,0.05,0.03,27.93
12783170,2171,1,194697,238264,-1.06,-1.25,9.25,-0.04,0.01,-0.01,27.93
12823199,2161,1,194765,238648,-1.16,-1.30,9.40,-0.08,-0.13,-0.03,27.93
12863216,2137,1,194919,238957,-1.26,-1.50,10.15,-0.06,0.02,-0.01,27.93
12903199,2134,1,195001,239065,-1.20,-1.64,10.44,-0.01,0.01,0.01,27.93
12943178,2112,1,194980,238952,-1.05,-1.52,9.51,-0.04,-0.06,-0.01,27.93
12983211,2112,1,194893,238774,-1.20,-1.35,9.33,-0.07,-0.03,-0.02,27.93
13023224,2108,1,194859,238708,-1.24,-1.37,9.54,-0.06,-0.03,-0.01,27.93
13063211,2140,1,194848,238739,-1.12,-1.50,10.13,-0.07,0.03,-0.02,27.93
13103199,2154,1,194880,238717,-1.08,-1.75,10.19,-0.01,-0.06,-0.01,27.93
13143213,2161,1,194918,238852,-1.16,-1.68,9.65,-0.07,-0.03,-0.04,27.93
13183899,2166,1,194904,238848,-1.20,-1.41,9.38,-0.05,-0.01,-0.03,27.91
13222211,2133,1,194747,238223,-1.15,-1.36,9.44,-0.05,-0.03,-0.00,27.91
13262246,2119,1,193776,234035,-1.17,-1.53,10.06,-0.07,0.04,0.01,27.91
13302179,2141,1,192741,232868,-1.11,-1.70,10.32,0.02,-0.01,0.02,27.91
13342177,2256,1,192887,233736,-1.03,-1.73,9.65,-0.02,-0.03,-0.01,27.91
13382212,2229,1,193357,234768,-1.20,-1.49,9.39,-0.05,0.00,-0.01,27.91
13422198,2147,1,193679,235825,-1.24,-1.38,9.49,-0.04,-0.05,-0.00,27.91
13462233,2161,1,194060,237116,-1.12,-1.48,9.97,-0.07,0.04,-0.01,27.91
13502198,2102,1,194488,238032,-1.15,-1.76,10.32,0.02,-0.03,0.01,27.91
13542178,2098,1,194732,238310,-1.02,-1.71,9.63,-0.01,-0.01,-0.01,27.91
13582216,2094,1,194789,238458,-1.20,-1.40,9.43,-0.03,0.02,-0.00,27.91
13622196,2054,1,194834,238591,-1.20,-1.32,9.48,-0.04,-0.06,0.00,27.91
13662199,2031,1,194880,238744,-1.21,-1.48,10.06,-0.07,0.05,-0.00,27.91
13703194,2034,1,194935,238688,-1.16,-1.75,10.25,0.03,-0.03,0.00,27.91
13743179,1981,1,194869,238696,-1.08,-1.65,9.54,-0.01,-0.04,-0.03,27.91
13783213,1995,1,194941,238536,-1.20,-1.36,9.32,-0.03,0.02,-0.01,27.91
13823199,1964,1,194807,238599,-1.26,-1.36,9.54,-0.04,-0.05,-0.00,27.91
13863212,1991,1,194873,238583,-1.16,-1.48,10.12,-0.05,0.03,-0.01,27.91
13903199,1959,1,194135,234537,-1.11,-1.76,10.26,0.02,-0.04,0.00,27.91
13943179,1977,1,192912,233049,-1.12,-1.63,9.54,-0.01,-0.03,-0.02,27.91
13983213,1967,1,193094,234629,-1.24,-1.36,9.35,-0.01,0.05,-0.00,27.91
14023212,1915,1,193664,235955,-1.15,-1.30,9.59,-0.05,-0.01,0.01,27.91
14063199,1894,1,193849,236484,-1.13,-1.52,10.07,-0.07,-0.02,-0.02,27.91
14103211,1936,1,194083,237260,-1.17,-1.66,10.26,0.02,-0.05,0.00,27.91
14143179,1945,1,194358,238034,-1.00,-1.60,9.56,-0.02,-0.05,-0.04,27.91
14183212,1939,1,194673,238188,-1.20,-1.33,9.32,-0.05,-0.03,-0.04,27.91
14221902,1879,1,194749,238413,-1.19,-1.34,9.38,-0.07,-0.04,-0.02,27.93
14262211,1846,1,194857,238785,-1.12,-1.49,10.11,-0.06,0.03,-0.01,27.93
14302200,1803,1,195003,239134,-1.10,-1.73,10.25,0.01,-0.01,0.03,27.93
14342177,1906,1,195157,239446,-1.05,-1.70,9.65,-0.03,-0.02,-0.00,27.93
14382212,1839,1,195228,239380,-1.15,-1.40,9.29,-0.01,0.00,-0.01,27.93
14422198,1975,1,195281,239560,-1.21,-1.32,9.50,-0.05,-0.04,0.00,27.93
14462199,1902,1,195380,239690,-1.15,-1.47,10.10,-0.08,0.04,-0.01,27.93
14502199,1968,1,195364,239790,-1.15,-1.67,10.32,-0.00,-0.04,-0.00,27.93
14542212,1918,1,195371,239726,-1.06,-1.63,9.65,-0.03,-0.02,-0.02,27.93
14582212,1879,1,194959,236608,-1.24,-1.44,9.40,-0.01,0.01,-0.00,27.93
14622199,1927,1,193732,234500,-1.23,-1.30,9.44,-0.03,-0.01,0.00,27.93
14662199,1968,1,193489,234752,-1.13,-1.46,10.05,-0.07,0.02,-0.02,27.93
14701205,1931,1,193561,234965,-1.16,-1.74,10.38,0.00,-0.02,0.01,27.93
14741177,1951,1,193682,235369,-1.07,-1.73,9.72,-0.01,-0.02,-0.01,27.93
14781216,1935,1,193807,235888,-1.22,-1.37,9.36,-0.04,0.02,-0.01,27.93
14821199,1893,1,194101,237322,-1.21,-1.30,9.45,-0.03,-0.03,0.00,27.93
14861198,1963,1,194480,238068,-1.13,-1.39,9.94,-0.07,0.01,-0.01,27.93
14901213,2039,1,194589,238772,-1.17,-1.63,10.31,0.00,-0.03,0.01,27.93
14941178,2032,1,194719,239452,-1.11,-1.70,9.82,-0.02,-0.03,-0.01,27.93
14981211,1915,1,194902,239680,-1.15,-1.44,9.45,-0.02,0.02,-0.00,27.93
15021203,1911,1,194929,239906,-1.21,-1.34,9.36,-0.05,-0.08,-0.01,27.93
15061212,1920,1,195023,240238,-1.19,-1.46,9.93,-0.08,0.06,-0.01,27.93
15101215,1891,1,195163,240403,-1.19,-1.67,10.39,0.02,-0.02,0.02,27.93
15141178,1874,1,195216,240497,-1.10,-1.67,9.66,-0.03,-0.02,-0.01,27.93
15181212,1792,1,195217,240529,-1.21,-1.40,9.34,-0.04,0.03,-0.01,27.93
15221199,1806,1,195236,240052,-1.21,-1.28,9.46,-0.02,-0.05,0.00,27.93
15261885,1843,1,194402,235078,-1.13,-1.41,9.86,-0.10,-0.02,-0.04,27.93
15302212,1907,1,192796,232344,-1.22,-1.66,10.29,-0.01,-0.01,-0.02,27.93
15342213,1911,1,192632,232373,-1.09,-1.73,9.82,-0.00,0.01,-0.02,27.93
15382195,1917,1,192573,232597,-1.19,-1.48,9.40,-0.03,0.02,-0.00,27.93
15422199,1923,1,192618,232981,-1.23,-1.34,9.49,-0.06,-0.03,0.02,27.93
15462199,1918,1,192829,234362,-1.19,-1.46,9.86,-0.08,0.04,-0.01,27.93
15502200,1943,1,193389,235773,-1.21,-1.66,10.32,0.03,-0.02,0.01,27.93
15542177,1935,1,193656,236139,-1.06,-1.64,9.69,-0.03,-0.02,-0.01,27.93
15582212,1932,1,193742,236444,-1.29,-1.41,9.48,-0.04,0.03,0.01,27.93
15622177,1936,1,193843,236912,-1.23,-1.35,9.44,-0.05,-0.04,0.01,27.93
15662200,1935,1,193946,237355,-1.18,-1.48,10.05,-0.08,0.02,-0.01,27.93
15702195,1962,1,194145,237692,-1.17,-1.73,10.28,0.03,-0.02,0.02,27.93
15742179,1948,1,194290,237970,-1.12,-1.66,9.58,-0.03,-0.02,-0.02,27.93
15780233,1887,1,194288,238047,-1.19,-1.47,9.38,-0.03,-0.02,-0.02,27.93
15820216,1981,1,194467,238649,-1.33,-1.43,9.34,-0.03,-0.01,0.02,27.93
15860199,1935,1,194772,239030,-1.19,-1.38,9.78,-0.08,0.10,0.01,27.93
15900178,1855,1,194754,238708,-1.15,-1.58,10.25,-0.01,-0.08,0.01,27.93
15940198,1927,1,194574,237033,-1.19,-1.72,9.79,-0.03,-0.09,-0.02,27.93
15980216,1872,1,193153,232576,-1.25,-1.54,9.59,-0.02,0.06,-0.02,27.93
16020198,1845,1,192434,232503,-1.27,-1.35,9.48,-0.02,-0.04,0.00,27.93
16060199,1916,1,192545,233180,-1.21,-1.43,9.78,-0.10,-0.02,-0.02,27.93
16100212,1930,1,192611,233572,-1.22,-1.68,10.34,-0.01,-0.01,0.00,27.93
16140198,1982,1,192852,234187,-1.12,-1.69,9.87,-0.00,-0.00,-0.01,27.93
16180212,1936,1,193122,235212,-1.22,-1.46,9.49,-0.02,0.02,-0.00,27.93
16220199,1891,1,193448,235999,-1.25,-1.36,9.30,-0.04,-0.03,0.01,27.93
16260199,1907,1,193555,236360,-1.24,-1.43,9.88,-0.09,0.07,-0.02,27.93
16300885,1911,1,193618,236576,-1.25,-1.65,10.33,0.02,-0.03,0.01,28.01
16341178,1994,1,193850,237354,-1.13,-1.68,9.63,-0.02,-0.02,-0.01,28.01
16381212,1936,1,194149,237940,-1.27,-1.42,9.44,-0.03,0.04,-0.01,28.01
16421195,1872,1,194249,238279,-1.24,-1.34,9.41,-0.05,-0.07,-0.00,28.01
16461212,1803,1,194298,238580,-1.27,-1.44,9.99,-0.08,0.01,-0.02,28.01
16501195,1936,1,194405,238725,-1.25,-1.68,10.39,0.02,-0.02,0.01,28.01
16541179,1958,1,194409,238954,-1.17,-1.69,9.78,-0.03,-0.05,-0.03,28.01
16581211,1884,1,194516,238994,-1.24,-1.42,9.39,-0.02,0.01,-0.01,28.01
16621199,1878,1,194059,236022,-1.26,-1.35,9.29,-0.04,-0.04,0.01,28.01
16661195,1867,1,192909,234290,-1.25,-1.43,10.02,-0.07,0.03,-0.02,28.01
16701199,1925,1,192873,234614,-1.23,-1.70,10.34,0.03,-0.06,-0.00,28.01
16741214,1984,1,193159,235207,-1.08,-1.71,9.67,-0.02,-0.01,-0.02,28.01
16781212,1898,1,193403,235805,-1.26,-1.42,9.44,-0.04,0.04,-0.00,28.01
16821195,2055,1,193495,236368,-1.28,-1.33,9.35,-0.04,-0.05,-0.00,28.01
16861212,2018,1,193710,237074,-1.23,-1.41,9.90,-0.09,0.02,-0.02,28.01
16901193,2032,1,193876,237253,-1.24,-1.66,10.35,0.01,-0.03,0.00,28.01
16941179,2035,1,193954,237181,-1.14,-1.65,9.76,-0.02,-0.00,-0.02,28.01
16981211,1974,1,193805,236940,-1.23,-1.45,9.43,-0.03,0.00,-0.01,28.01
17021203,2034,1,193809,237383,-1.28,-1.40,9.34,-0.05,-0.04,-0.00,28.01
17061212,1985,1,194036,238162,-1.28,-1.45,9.95,-0.09,0.06,-0.02,28.01
17101199,2016,1,194192,238415,-1.21,-1.68,10.30,0.02,-0.04,0.01,28.01
17141177,1978,1,194263,238557,-1.13,-1.68,9.61,-0.04,-0.05,-0.02,28.01
17181212,1953,1,194318,238820,-1.28,-1.47,9.43,-0.02,0.05,-0.01,28.01
17221195,2032,1,194398,239109,-1.27,-1.37,9.46,-0.03,-0.03,0.01,28.01
17261199,1953,1,194515,239222,-1.25,-1.43,9.90,-0.11,0.01,-0.02,28.01
17301881,2000,1,194233,236045,-1.29,-1.69,10.27,0.03,-0.01,0.02,27.75
17340178,2011,1,192963,233823,-1.16,-1.69,9.78,-0.02,-0.02,-0.03,27.75
17380212,1949,1,192789,233961,-1.30,-1.43,9.39,-0.03,0.01,-0.02,27.75
17420199,1913,1,192809,234225,-1.27,-1.28,9.36,-0.02,-0.07,0.00,27.75
17460194,1937,1,192789,234310,-1.27,-1.36,9.80,-0.07,0.01,-0.00,27.75
17500199,1953,1,192948,234701,-1.30,-1.63,10.38,0.01,-0.01,0.01,27.75
17540177,1967,1,193155,235869,-1.09,-1.72,9.75,-0.02,-0.06,-0.04,27.75
17580212,1941,1,193481,236813,-1.30,-1.54,9.57,-0.06,0.02,-0.04,27.75
17620194,1905,1,193947,238089,-1.28,-1.35,9.42,-0.06,0.02,-0.00,27.75
17660199,1894,1,194281,238871,-1.17,-1.42,9.61,-0.09,0.06,-0.01,27.75
17700195,1907,1,194542,239360,-1.28,-1.62,10.11,-0.02,0.02,0.01,27.75
17740179,1920,1,194688,239673,-1.24,-1.68,9.85,-0.03,-0.02,-0.01,27.75
17780212,1887,1,194708,239731,-1.30,-1.51,9.45,-0.04,-0.02,-0.03,27.75
17820212,1938,1,194643,239736,-1.32,-1.35,9.29,-0.03,-0.05,0.00,27.75
17860194,1818,1,194635,239693,-1.24,-1.37,9.70,-0.07,0.01,-0.01,27.75
17900199,1846,1,194696,239746,-1.32,-1.64,10.41,-0.01,0.03,0.01,27.75
17940179,1834,1,194669,239847,-1.19,-1.81,9.85,-0.04,-0.04,-0.02,27.75
17980212,1808,1,194788,240091,-1.34,-1.57,9.43,-0.04,0.05,0.00,27.75
18020177,1899,1,194685,238236,-1.34,-1.50,9.35,-0.04,-0.05,0.01,27.75
18060199,1857,1,193407,235083,-1.31,-1.41,9.81,-0.09,0.03,-0.03,27.75
18100195,1834,1,193118,235324,-1.29,-1.59,10.30,0.01,-0.01,0.01,27.75
18140179,1913,1,193386,236171,-1.26,-1.75,9.81,-0.04,-0.02,0.00,27.75
18180194,1964,1,193645,236304,-1.34,-1.57,9.50,-0.06,0.02,-0.01,27.75
18220199,1957,1,193581,236654,-1.33,-1.47,9.26,-0.06,-0.05,0.01,27.75
18260194,1954,1,193970,237695,-1.30,-1.49,9.67,-0.13,0.04,-0.00,27.75
18300199,1994,1,194349,238161,-1.30,-1.70,10.24,-0.03,-0.00,0.02,27.75
18340880,1968,1,194374,238381,-1.20,-1.85,9.87,-0.02,-0.03,-0.01,27.81
18379228,1985,1,194478,238557,-1.32,-1.61,9.49,-0.03,0.01,-0.01,27.81
18419194,2000,1,194583,238831,-1.38,-1.51,9.38,-0.02,-0.02,0.00,27.81
18459198,2019,1,194627,239181,-1.28,-1.47,9.65,-0.09,-0.00,-0.01,27.81
18499212,2058,1,194764,239427,-1.34,-1.67,10.25,-0.02,0.02,0.02,27.81
18539178,2096,1,194910,239635,-1.27,-1.79,9.90,-0.02,-0.04,-0.00,27.81
18579211,2016,1,194856,239705,-1.33,-1.65,9.47,-0.05,-0.01,-0.01,27.81
18619215,2032,1,194883,239939,-1.34,-1.51,9.28,-0.05,-0.03,0.02,27.81
18659199,2037,1,194987,240105,-1.35,-1.49,9.71,-0.08,0.04,0.00,27.81
18699179,2011,1,195061,239879,-1.34,-1.66,10.30,0.03,-0.05,0.02,27.81
18739178,1950,1,194366,236267,-1.25,-1.81,9.85,-0.02,-0.05,-0.02,27.81
18779215,1938,1,193238,234836,-1.33,-1.67,9.52,-0.02,0.02,-0.02,27.81
18819199,1947,1,193357,236105,-1.34,-1.55,9.32,-0.05,-0.04,0.01,27.81
18859199,1959,1,193753,236815,-1.28,-1.44,9.71,-0.12,0.02,-0.01,27.81
18899195,1890,1,193923,237082,-1.37,-1.68,10.20,0.02,-0.01,0.02,27.81
18939178,1955,1,194087,237820,-1.28,-1.80,9.91,0.00,-0.01,-0.01,27.81
18979199,1938,1,194331,238280,-1.32,-1.59,9.54,-0.01,-0.01,-0.02,27.81
19019212,1907,1,194412,238366,-1.39,-1.50,9.35,-0.04,-0.03,0.00,27.81
19059194,1856,1,194506,238419,-1.33,-1.43,9.63,-0.11,0.02,-0.01,27.81
19099199,1840,1,194601,238404,-1.38,-1.72,10.24,-0.05,-0.02,0.02,27.81
19139199,1943,1,194594,238831,-1.26,-1.84,9.87,-0.03,-0.07,-0.02,27.81
19179212,1872,1,194767,239034,-1.35,-1.64,9.45,-0.01,0.02,-0.02,27.81
19219195,1867,1,194764,239283,-1.36,-1.47,9.31,-0.00,-0.04,0.00,27.81
19259196,1889,1,194807,239651,-1.30,-1.45,9.66,-0.08,0.03,-0.02,27.81
19299194,1860,1,194938,239941,-1.36,-1.70,10.33,0.01,-0.01,0.02,27.81
19339179,1915,1,194949,240315,-1.24,-1.81,9.84,-0.02,-0.03,0.02,27.81
19379881,1782,1,194795,239301,-1.35,-1.75,9.49,-0.06,0.02,-0.00,27.85
19418199,1895,1,194193,238410,-1.42,-1.56,9.33,-0.02,0.05,-0.00,27.85
19458198,1871,1,194263,239306,-1.34,-1.46,9.68,-0.07,0.02,-0.03,27.85
19498199,1968,1,194579,239982,-1.44,-1.64,10.19,-0.03,0.02,0.00,27.85
19538179,1972,1,194654,240188,-1.38,-1.81,10.05,-0.03,-0.03,-0.02,27.85
19578215,1925,1,194694,240484,-1.43,-1.65,9.54,-0.01,-0.02,-0.04,27.85
19618212,1932,1,194810,240766,-1.34,-1.49,9.22,-0.04,-0.03,-0.01,27.85
19658212,1870,1,194926,240921,-1.38,-1.54,9.69,-0.11,0.03,-0.01,27.85
19698195,1899,1,195032,240909,-1.43,-1.74,10.28,-0.01,0.02,0.02,27.85
19738178,1967,1,195083,240843,-1.36,-1.80,9.89,-0.02,-0.05,-0.02,27.85
19778211,1954,1,195073,240868,-1.39,-1.67,9.56,-0.02,0.02,-0.01,27.85
19818230,1963,1,195130,240892,-1.43,-1.59,9.33,-0.02,-0.07,-0.01,27.85
19858211,1941,1,195276,241012,-1.34,-1.45,9.53,-0.09,0.03,-0.02,27.85
19898199,1974,1,195427,241043,-1.40,-1.65,10.18,-0.03,0.00,0.02,27.85
19938178,1968,1,195472,241118,-1.36,-1.81,9.96,-0.03,-0.05,0.00,27.85
19978198,1937,1,195494,241053,-1.43,-1.68,9.56,0.01,0.03,0.01,27.85
20018196,1949,1,195418,240183,-1.46,-1.61,9.37,-0.01,-0.06,-0.02,27.85
20058215,1967,1,194436,237098,-1.41,-1.54,9.65,-0.11,0.04,-0.03,27.85
20098195,2000,1,193861,237080,-1.38,-1.70,10.12,-0.01,0.00,0.00,27.85
20138178,1959,1,194178,237917,-1.33,-1.84,10.00,-0.03,-0.06,-0.03,27.85
20178211,1942,1,194388,238499,-1.42,-1.64,9.58,-0.01,0.04,-0.01,27.85
20218199,1983,1,194547,238756,-1.38,-1.37,9.23,0.00,-0.03,0.02,27.85
20258178,1907,1,194586,239356,-1.41,-1.43,9.51,-0.06,-0.00,-0.01,27.85
20298212,1939,1,194759,239809,-1.43,-1.69,10.29,0.02,-0.02,0.01,27.85
20338179,1913,1,194733,239979,-1.33,-1.78,9.97,0.01,-0.06,0.01,27.85
20378178,1887,1,194673,240125,-1.37,-1.56,9.45,0.01,-0.01,0.02,27.85
20418863,1919,1,194510,240433,-1.38,-1.46,9.17,0.03,-0.04,0.03,27.85
20459179,1911,1,194472,240728,-1.34,-1.60,9.76,-0.07,0.00,-0.08,27.85
20499195,1863,1,194546,241040,-1.42,-1.70,10.40,-0.03,-0.01,-0.05,27.85
20539212,1920,1,194615,241298,-1.29,-1.75,9.83,0.00,-0.03,0.01,27.85
20579177,1903,1,194822,241405,-1.37,-1.55,9.37,-0.04,0.01,0.01,27.85
20619179,1936,1,194883,241396,-1.38,-1.31,9.26,-0.03,-0.04,0.00,27.85
20659194,1897,1,194826,241093,-1.28,-1.30,9.66,-0.04,-0.05,0.02,27.85
20699199,1997,1,194466,238919,-1.32,-1.67,10.01,-0.03,0.02,0.04,27.85
20739177,1872,1,193579,237515,-1.48,-1.84,10.15,-0.05,0.04,-0.01,27.85
20777199,1981,1,193681,238074,-1.38,-1.70,9.63,-0.01,0.07,0.00,27.85
20817178,1922,1,193987,238895,-1.43,-1.57,9.33,-0.05,0.00,0.03,27.85
20857178,1925,1,194240,239267,-1.49,-1.48,9.71,-0.11,0.03,-0.00,27.85
20897199,2026,1,194429,239695,-1.51,-1.61,10.18,-0.01,0.04,0.02,27.85
20937178,2112,1,194668,239941,-1.34,-1.78,9.93,-0.03,-0.05,-0.03,27.85
20977212,2133,1,194762,240036,-1.47,-1.66,9.59,-0.02,0.02,-0.03,27.85
21017199,2128,1,194807,240282,-1.46,-1.47,9.33,-0.02,0.01,0.00,27.85
21057178,2029,1,194909,240511,-1.46,-1.34,9.49,-0.09,0.01,-0.01,27.85
21097199,2092,1,195053,240695,-1.53,-1.49,10.03,-0.01,0.00,0.02,27.85
21137178,2054,1,195000,240717,-1.34,-1.75,10.00,-0.04,-0.07,-0.03,27.85
21177215,2112,1,195103,240864,-1.45,-1.70,9.50,-0.01,-0.01,-0.01,27.85
21217211,2105,1,195099,241022,-1.48,-1.50,9.39,-0.02,-0.03,0.00,27.85
21257198,2058,1,195147,241172,-1.44,-1.42,9.56,-0.10,-0.00,-0.01,27.85
21297212,2039,1,195191,241274,-1.53,-1.58,10.28,-0.02,0.01,0.02,27.85
21337178,2150,1,195069,239986,-1.39,-1.79,9.90,-0.01,-0.06,-0.01,27.85
21377212,2084,1,194111,237002,-1.44,-1.65,9.62,-0.01,-0.05,-0.03,27.85
21417215,2087,1,193734,237675,-1.36,-1.47,9.24,-0.03,-0.09,-0.01,27.85
21457951,2006,1,194189,238715,-1.36,-1.47,9.65,-0.11,0.03,0.01,27.79
21498179,1994,1,194396,239133,-1.41,-1.69,10.29,-0.01,-0.03,0.02,27.79
21538195,1744,1,194464,239406,-1.30,-1.87,9.84,0.00,-0.06,-0.02,27.79
21578198,1870,1,194539,239686,-1.32,-1.64,9.43,-0.00,0.00,-0.02,27.79
21618193,1955,1,194568,239742,-1.40,-1.53,9.27,-0.01,-0.06,-0.01,27.79
21658232,2003,1,194483,239683,-1.38,-1.40,9.64,-0.09,-0.02,-0.04,27.79
21698211,2016,1,194512,239733,-1.37,-1.55,10.21,0.00,-0.01,-0.00,27.79
21738199,2043,1,194515,239888,-1.28,-1.81,10.06,0.01,-0.04,-0.01,27.79
21778199,2067,1,194604,240039,-1.38,-1.64,9.51,-0.01,-0.02,-0.02,27.79
21818212,2101,1,194728,240172,-1.40,-1.41,9.24,-0.01,-0.03,-0.00,27.79
21858226,2009,1,194705,240378,-1.29,-1.38,9.57,-0.09,-0.02,-0.03,27.79
21898212,2064,1,194798,240512,-1.30,-1.66,10.22,-0.02,0.01,0.02,27.79
21938177,2138,1,194888,240521,-1.27,-1.80,9.91,-0.01,-0.05,0.00,27.79
21978199,2105,1,194358,238406,-1.32,-1.58,9.43,-0.02,0.02,-0.00,27.79
22018194,2063,1,193658,237959,-1.39,-1.38,9.39,-0.01,-0.02,0.02,27.79
22058199,2160,1,193877,239116,-1.31,-1.36,9.62,-0.08,0.03,0.00,27.79
22098179,2033,1,194080,239773,-1.41,-1.63,10.39,-0.02,-0.01,0.02,27.79
22138200,2093,1,194268,240121,-1.24,-1.79,9.87,0.00,-0.02,0.00,27.79
22178177,2010,1,194388,240276,-1.33,-1.56,9.39,-0.03,0.02,-0.01,27.79
22218199,2064,1,194431,240530,-1.37,-1.46,9.30,-0.03,-0.06,-0.01,27.79
22258212,2000,1,194416,240629,-1.34,-1.41,9.71,-0.10,0.05,-0.02,27.79
22298199,1962,1,194392,240749,-1.36,-1.66,10.27,-0.04,-0.04,-0.01,27.79
22338211,1945,1,194499,240793,-1.31,-1.77,9.96,-0.01,-0.02,-0.02,27.79
22378212,1985,1,194562,240940,-1.36,-1.61,9.64,-0.00,0.03,-0.01,27.79
22418199,2031,1,194612,241162,-1.36,-1.36,9.16,-0.03,-0.04,0.01,27.79
22458885,2005,1,194755,241263,-1.37,-1.37,9.56,-0.08,0.01,-0.01,27.81
22497195,1958,1,194717,241320,-1.44,-1.60,10.28,-0.01,-0.03,-0.00,27.81
22537212,1971,1,194739,241491,-1.26,-1.84,9.98,-0.03,-0.03,-0.01,27.81
22577213,1870,1,194664,241125,-1.34,-1.66,9.52,-0.03,0.02,0.00,27.81
22617179,1881,1,194220,239653,-1.38,-1.49,9.31,-0.03,-0.07,-0.00,27.81
22657211,1970,1,193824,239403,-1.37,-1.36,9.62,-0.08,0.03,-0.03,27.81
22696198,1915,1,193887,239884,-1.40,-1.57,10.26,-0.01,0.01,0.01,27.81
22736178,1971,1,194123,240165,-1.30,-1.77,10.10,-0.05,-0.03,-0.02,27.81
22776215,1907,1,194227,240118,-1.37,-1.64,9.58,-0.01,0.03,-0.01,27.81
22816199,1873,1,194272,240345,-1.36,-1.48,9.21,-0.02,-0.05,-0.00,27.81
22856215,1898,1,194418,240477,-1.31,-1.33,9.43,-0.09,0.04,-0.01,27.81
22896198,1857,1,194418,240524,-1.46,-1.58,10.22,-0.01,-0.01,0.01,27.81
22936199,1859,1,194372,240416,-1.26,-1.69,9.89,-0.02,-0.04,-0.02,27.81
22976212,1790,1,194231,240413,-1.33,-1.60,9.62,-0.05,-0.01,-0.04,27.81
23016215,1904,1,194169,240519,-1.42,-1.54,9.34,-0.02,-0.01,0.01,27.81
23056198,1837,1,194181,240512,-1.41,-1.43,9.59,-0.09,0.02,-0.02,27.81
23096211,1797,1,194136,240651,-1.43,-1.57,10.13,-0.02,-0.01,0.00,27.81
23136198,1902,1,194157,240792,-1.32,-1.82,10.00,-0.04,-0.02,-0.01,27.81
23176215,1847,1,194145,240774,-1.36,-1.70,9.67,-0.01,0.02,-0.01,27.81
23216198,1975,1,194165,240634,-1.36,-1.52,9.31,0.01,-0.07,0.02,27.81
23256178,1968,1,193732,238514,-1.36,-1.38,9.41,-0.09,0.04,-0.01,27.81
23296202,1966,1,192854,237269,-1.52,-1.52,10.18,-0.01,0.01,0.02,27.81
23336179,1939,1,193101,238388,-1.25,-1.80,10.00,-0.02,-0.01,0.01,27.81
23376198,1808,1,193429,238818,-1.35,-1.70,9.68,-0.04,0.05,-0.01,27.81
23416198,1823,1,193548,238874,-1.42,-1.47,9.34,-0.01,-0.11,-0.01,27.81
23456213,1915,1,193639,238751,-1.42,-1.32,9.39,-0.08,0.03,-0.01,27.81
23496910,1872,1,193636,238129,-1.49,-1.53,9.96,-0.04,-0.01,-0.00,27.79
23537213,1872,1,193160,236137,-1.40,-1.79,9.99,-0.09,-0.05,-0.02,27.79
23577212,1841,1,192398,232918,-1.38,-1.75,9.77,-0.08,0.06,-0.02,27.79
23617195,1893,1,191198,229930,-1.94,-1.52,9.25,-0.04,-0.01,0.00,27.79
23657199,1989,1,190411,228862,-1.55,-1.45,9.39,-0.12,0.15,-0.03,27.79
23697195,2029,1,189993,227939,-1.69,-1.56,9.85,-0.03,0.12,-0.07,27.79
23736200,2086,1,189716,227490,-1.49,-1.72,9.75,-0.06,0.07,-0.07,27.79
23776199,2038,1,189596,227408,-1.43,-1.88,9.81,-0.13,0.07,-0.08,27.79
23816199,2100,1,189455,227162,-1.34,-1.78,9.45,-0.07,-0.05,-0.03,27.79
23856212,2108,1,189554,227331,-1.68,-1.66,9.37,-0.09,-0.03,-0.02,27.79
23896216,2016,1,190345,228180,-1.46,-1.65,9.81,0.10,0.32,-0.09,27.79
23936178,2091,1,191412,232796,-1.53,-1.80,10.33,-0.02,0.25,-0.08,27.79
23976199,2053,1,193265,237459,-1.58,-2.01,9.60,-0.12,-0.09,0.01,27.79
24016199,1967,1,193040,237009,-1.58,-2.09,9.32,-0.03,-0.23,0.00,27.79
24056199,1984,1,192396,234476,-1.71,-1.53,9.44,0.00,-0.04,-0.02,27.79
24096199,1792,1,191144,232958,-2.14,-1.29,9.55,-0.04,0.31,0.05,27.79
24136179,1804,1,191471,234154,-2.17,-1.74,9.90,-0.08,0.53,0.13,27.79
24176179,1652,1,191852,234491,-2.06,-1.81,9.85,-0.00,0.33,0.07,27.79
24216178,1843,1,192169,235553,-2.08,-1.84,9.37,-0.01,0.01,0.03,27.79
24256179,1855,1,193709,239485,-2.01,-1.75,9.79,-0.01,-0.03,0.00,27.79
24296199,1904,1,195122,241463,-2.04,-1.67,10.00,0.09,-0.05,-0.04,27.79
24336199,1911,1,195851,242441,-2.01,-1.72,9.89,0.02,-0.19,0.04,27.79
24376178,1875,1,196313,243153,-2.09,-1.72,9.62,-0.09,-0.11,0.06,27.79
24416198,2017,1,196384,243526,-1.80,-1.71,9.02,-0.04,0.06,0.20,27.79
24456178,1920,1,196523,243817,-1.85,-1.72,9.18,-0.14,0.10,0.23,27.79
24496179,1803,1,196870,243905,-2.24,-1.53,9.54,-0.24,0.29,0.15,27.79
24536866,1730,1,197155,244126,-2.09,-1.91,9.62,-0.31,0.21,0.02,28.25
24575179,1815,1,197459,244773,-2.49,-1.98,9.96,-0.17,0.16,-0.11,28.25
24615202,1943,1,198105,245332,-2.17,-3.57,8.82,-0.01,0.26,-0.18,28.25
24655200,1639,1,198642,245610,-2.26,-1.62,8.96,0.23,0.21,-0.34,28.25
24695181,1567,1,199067,245985,-3.09,-0.36,10.04,0.31,0.17,-0.01,28.25
24736181,1412,1,199502,246495,-2.32,-1.13,9.67,0.20,0.02,0.04,28.25
24776171,670,1,200150,247153,-2.69,-2.01,9.97,0.29,-0.01,0.20,28.25
24816180,363,1,200847,247531,-2.87,-2.75,9.56,0.15,-0.02,0.17,28.25
24856179,107,1,200986,247574,-2.34,-1.81,8.59,-0.21,-0.12,-0.26,28.25
24896210,240,1,201157,247845,-2.76,-0.66,9.34,-0.10,0.19,-0.20,28.25
24936220,158,1,201507,248124,-2.48,-0.72,9.82,0.07,-0.01,0.01,28.25
24976179,87,1,201819,248204,-2.67,-1.71,9.62,0.06,-0.12,0.11,28.25
25016179,49,1,201818,248216,-2.58,-1.75,9.20,-0.00,-0.10,0.08,28.25
25056192,2352,1,201809,248189,-2.50,-1.31,9.12,-0.09,0.00,0.02,28.25
25096177,2789,1,201970,248215,-2.70,-1.16,9.61,-0.07,-0.01,0.03,28.25
25136209,2889,1,202164,248109,-2.90,-1.63,10.21,-0.00,-0.01,0.03,28.25
25176193,3094,1,202464,248360,-2.82,-1.17,9.96,-0.13,0.10,0.11,28.25
25216176,3171,1,202834,248228,-2.47,-1.54,9.10,-0.31,-0.04,0.41,28.25
25296196,2643,1,203018,248303,-2.87,-1.20,9.85,0.00,0.05,-0.00,28.25
25355171,4031,1,202976,248448,-2.55,-1.46,8.71,-0.10,-0.10,0.04,28.25
25395189,4031,1,203212,248640,-2.89,-1.42,9.81,0.10,0.03,0.02,28.25
25435157,4095,1,0,0,-2.52,-1.34,10.11,0.00,0.04,0.01,28.25
25938943,1202,1,0,0,-4.60,-128.47,16.55,-1.30,18.59,-1.02,28.25
26443120,1114,1,204795,249985,-4.60,-128.47,16.55,-1.30,18.59,-1.02,28.25
26694191,1864,1,204715,250019,-2.85,-0.76,9.49,-0.03,0.08,-0.07,28.25
26734191,1990,1,204699,250018,-2.96,-1.05,10.23,-0.02,0.08,-0.01,28.25
26774226,2127,1,204691,250091,-2.76,-1.40,9.85,-0.01,-0.05,0.02,28.25
26814191,2095,1,204682,249995,-2.53,-1.34,8.85,-0.03,-0.11,-0.01,28.25
26854210,2102,1,204638,250030,-2.56,-0.99,8.63,-0.13,0.01,-0.04,28.25
26894191,2125,1,204859,250072,-2.83,-0.77,9.56,-0.01,0.08,-0.01,28.25
26934193,2103,1,204843,249822,-2.97,-1.15,10.15,-0.01,0.06,-0.00,28.25
26974191,2318,1,204698,249600,-2.76,-1.31,9.89,-0.07,-0.02,-0.01,28.25
27014895,2255,1,204836,249697,-2.65,-1.39,8.98,-0.00,-0.10,0.02,27.93
27055191,2371,1,204881,249778,-2.60,-1.02,8.79,-0.11,-0.04,-0.03,27.93
27095209,2492,1,204971,249859,-3.00,-0.91,9.75,0.03,0.10,0.01,27.93
27135161,2518,1,204827,249861,-2.92,-1.25,10.26,-0.04,0.07,-0.01,27.93
27175193,2640,1,204887,249929,-2.81,-1.27,9.66,-0.01,-0.06,0.03,27.93
27215191,2649,1,204991,250051,-2.61,-1.24,8.87,-0.01,-0.09,0.03,27.93
27255193,2485,1,204975,250118,-2.64,-1.10,8.63,-0.10,-0.04,-0.03,27.93
27295209,2487,1,205082,250216,-2.99,-0.85,9.79,0.08,0.07,0.01,27.93
27335163,2406,1,205018,250220,-2.92,-1.11,10.20,-0.08,0.04,-0.02,27.93
27375188,2478,1,205008,250268,-2.68,-1.32,9.63,-0.04,-0.04,0.01,27.93
27415190,2431,1,205113,250321,-2.61,-1.35,8.91,0.02,-0.10,0.04,27.93
27455170,2267,1,205139,250440,-2.65,-1.06,8.69,-0.09,-0.02,-0.02,27.93
27495207,2174,1,205314,250547,-2.97,-0.77,9.75,0.01,0.10,-0.00,27.93
27535170,2101,1,205392,250531,-2.93,-1.14,10.27,-0.02,0.06,-0.00,27.93
27575188,2224,1,205323,250334,-2.76,-1.33,9.63,0.01,-0.06,0.02,27.93
27615170,2256,1,205307,250223,-2.57,-1.34,8.82,-0.00,-0.12,0.02,27.93
27653188,2267,1,205466,250328,-2.72,-1.13,8.72,-0.05,-0.06,-0.02,27.93
27693206,2266,1,205540,250377,-3.03,-0.71,9.58,-0.00,0.11,-0.04,27.93
27733189,2160,1,205399,250280,-2.98,-1.08,9.94,-0.10,0.06,-0.04,27.93
27773186,2128,1,205482,250389,-2.83,-1.14,9.97,-0.01,-0.02,-0.00,27.93
27813209,2124,1,205490,250345,-2.64,-1.31,9.24,-0.02,-0.10,0.03,27.93
27853188,2018,1,205587,250432,-2.57,-1.13,8.50,-0.15,-0.11,-0.05,27.93
27893207,1974,1,205712,250501,-2.98,-0.77,9.58,0.07,0.06,0.00,27.93
27933160,1878,1,205650,250479,-3.00,-1.12,10.13,-0.04,0.08,-0.02,27.93
27973189,1770,1,205606,250579,-2.68,-1.19,9.68,-0.04,-0.04,0.00,27.93
28013200,1776,1,205691,250672,-2.66,-1.34,9.02,0.04,-0.11,0.04,27.93
28053855,1623,1,205616,250695,-2.63,-0.97,8.83,-0.12,-0.01,-0.02,27.99
28094207,1611,1,205698,250726,-2.96,-0.77,9.65,-0.03,0.07,-0.03,27.99
28134188,1586,1,205736,250686,-2.81,-1.11,9.93,-0.03,0.01,-0.02,27.99
28174186,1635,1,205592,250611,-2.86,-1.25,9.96,0.09,-0.03,0.04,27.99
28353183,1693,1,205729,250759,-2.57,-0.92,8.71,-0.15,-0.04,-0.06,27.99
28393208,1808,1,205888,250808,-2.94,-0.74,9.35,-0.02,0.06,-0.01,27.99
28433189,1815,1,205894,250895,-2.90,-1.02,10.13,-0.03,0.02,-0.02,27.99
28473181,1779,1,205950,251039,-2.81,-1.22,9.81,0.02,0.00,0.00,27.99
28513158,1851,1,206020,251042,-2.56,-1.20,9.23,0.02,-0.11,0.05,27.99
28553170,1824,1,206034,251060,-2.63,-1.05,8.72,-0.07,-0.08,-0.02,27.99
28593206,1882,1,206111,251113,-2.95,-0.98,9.44,-0.00,0.06,-0.02,27.99
28633181,1918,1,206134,251078,-2.87,-0.85,10.23,-0.07,0.07,-0.06,27.99
28673188,1964,1,206143,251109,-2.78,-1.18,9.75,-0.02,-0.04,0.02,27.99
28713186,2016,1,206122,251073,-2.54,-1.38,9.12,0.04,-0.14,0.05,27.99
28753170,2043,1,206225,251131,-2.53,-0.95,8.72,-0.14,-0.02,-0.05,27.99
28874214,1998,1,206365,251196,-2.75,-1.17,9.70,-0.03,-0.01,-0.01,27.99
28914212,2019,1,206320,250951,-2.58,-1.31,8.96,-0.02,-0.11,0.02,27.99
28954183,1913,1,206245,250898,-2.55,-0.96,8.68,-0.13,-0.05,-0.06,27.99
28994208,1905,1,206339,250954,-3.08,-0.87,9.49,0.04,0.08,0.02,27.99
29034182,1843,1,206338,251019,-2.88,-0.91,10.17,-0.03,0.03,-0.03,27.99
29074875,1860,1,206294,251134,-2.79,-1.16,9.79,-0.02,-0.02,-0.01,28.05
29113207,1918,1,206321,251020,-2.63,-1.15,9.26,0.02,-0.11,0.04,28.05
29153170,1823,1,206394,0,-2.57,-1.03,8.59,-0.09,-0.05,-0.03,28.05
29464860,2128,1,0,0,-2.94,-1.00,9.65,-0.35,0.30,-0.17,28.05
29968960,1847,1,0,0,-4.60,-128.47,16.55,-1.30,18.59,-1.02,28.05
30472973,2402,1,0,0,-4.60,-128.47,16.55,-1.30,18.59,-1.02,28.05
30977120,2153,1,0,251553,-4.60,-128.47,16.55,-1.30,18.59,-1.02,28.05
31412202,137,1,206556,251123,-2.58,-1.65,9.86,-0.43,-0.36,0.01,28.05
31452201,243,1,206261,250881,-2.54,-1.48,10.01,-0.36,-0.42,-0.00,28.05
31492262,130,1,206153,250528,-2.44,-1.46,9.17,-0.34,-0.46,0.07,28.05
31532885,138,1,205785,249616,-2.17,-1.84,8.74,-0.44,-0.43,0.00,27.95
31571199,284,1,205204,248872,-2.29,-1.85,9.34,-0.31,-0.30,-0.01,27.95
31611216,221,1,204750,248889,-2.38,-1.88,9.44,-0.01,-0.03,-0.07,27.95
31651214,384,1,204104,248879,-1.78,-2.26,9.17,0.06,0.27,-0.21,27.95
31691202,914,1,203889,248691,-1.74,-2.38,8.97,0.07,0.08,-0.22,27.95
31731180,1089,1,203791,248341,-2.14,-1.94,9.20,0.02,-0.05,-0.17,27.95
31771201,1584,1,203650,247996,-2.43,-1.73,9.46,-0.01,-0.07,-0.20,27.95
31811215,2182,1,203256,247580,-2.30,-1.56,9.91,0.00,0.01,-0.16,27.95
31851181,2352,1,202670,246521,-2.11,-1.79,9.77,0.04,-0.06,-0.21,27.95
31891201,2384,1,201683,244723,-1.97,-2.03,9.56,0.04,-0.19,-0.20,27.95
31931201,2480,1,200523,242520,-2.01,-1.81,9.50,0.12,-0.23,-0.06,27.95
31971201,2266,1,199798,240852,-2.06,-1.70,9.70,-0.12,0.00,-0.04,27.95
32011201,2134,1,199445,239908,-2.32,-1.59,10.06,-0.26,0.10,0.05,27.95
32051181,2719,1,199307,239014,0.91,-2.73,10.75,-0.20,-0.13,0.03,27.95
32091180,2544,1,199485,238447,-1.92,-1.45,9.19,0.01,-0.42,-0.19,27.95
32131201,2711,1,199155,235258,-1.89,-1.91,9.09,-0.01,-0.63,-0.10,27.95
32171217,3001,1,197540,231939,-2.10,-1.88,8.95,0.06,-0.32,-0.17,27.95
32211201,3505,1,196324,230043,-1.83,-1.71,9.41,0.08,-0.04,-0.23,27.95
32251201,3835,1,195209,228789,-1.42,-1.65,9.80,0.02,-0.01,-0.26,27.95
32291200,3952,1,194132,227794,-1.19,-1.92,9.79,-0.05,-0.04,-0.25,27.95
32331217,4095,1,193751,228159,-1.27,-2.00,9.84,-0.05,-0.00,-0.14,27.95
32371213,4095,1,193752,229341,-1.41,-1.96,9.68,-0.07,-0.03,-0.07,27.95
32411218,3717,1,193843,229641,-1.42,-1.81,9.67,-0.04,-0.04,-0.09,27.95
32451214,3866,1,193283,229290,-1.54,-1.90,9.78,-0.07,-0.05,-0.03,27.95
32491217,3776,1,192853,228842,-1.32,-1.92,9.78,-0.05,0.02,-0.02,27.95
32531200,3696,1,192565,229184,-1.19,-1.84,9.75,-0.01,0.03,-0.05,27.95
32571887,3504,1,192963,230622,-1.49,-1.75,9.44,-0.06,-0.01,-0.05,27.73
32612214,3321,1,193401,231623,-1.73,-1.87,9.65,-0.02,0.02,0.01,27.73
32652180,3339,1,193895,233160,-1.37,-1.89,9.55,-0.05,0.04,0.02,27.73
32692180,3093,1,194546,234408,-1.34,-1.93,9.63,-0.07,-0.01,-0.01,27.73
32732217,2902,1,194920,233224,-1.26,-1.94,9.55,-0.08,0.01,0.03,27.73
32772180,2864,1,193581,229883,-1.47,-2.10,9.83,-0.11,0.07,0.03,27.73
32812180,2589,1,193088,230256,-1.70,-2.01,9.74,-0.07,-0.02,0.04,27.73
32852201,2361,1,193261,231522,-1.55,-2.10,9.61,-0.09,0.02,0.11,27.73
32892180,2094,1,193561,234424,-1.36,-2.13,9.67,-0.10,0.06,0.09,27.73
32932181,2235,1,194695,238662,-1.14,-2.00,9.54,-0.09,-0.06,0.09,27.73
32972201,2146,1,195867,240629,-1.29,-1.96,9.63,-0.09,0.02,0.04,27.73
33012180,2037,1,196195,241071,-1.64,-2.04,9.87,-0.04,-0.09,-0.03,27.73
33052217,2014,1,196237,241161,-1.62,-2.06,9.60,0.01,-0.06,0.01,27.73
33092180,1936,1,196432,241358,-1.41,-2.13,9.53,-0.02,0.04,0.02,27.73
33132186,1789,1,196813,241548,-1.41,-2.02,9.40,-0.03,-0.12,0.00,27.73
33172201,1748,1,197146,241863,-1.34,-2.15,9.53,-0.07,-0.15,-0.04,27.73
33210217,1729,1,197502,242222,-1.51,-2.09,9.81,-0.02,-0.06,-0.04,27.73
33250214,1645,1,197928,242408,-1.31,-1.99,9.74,-0.01,-0.14,-0.01,27.73
33290217,1651,1,198039,242559,-1.22,-2.14,9.68,-0.03,-0.09,-0.01,27.73
33330255,1455,1,197947,241440,-1.25,-2.17,9.68,-0.01,-0.10,-0.00,27.73
33370217,1559,1,196988,238702,-1.20,-1.95,9.44,-0.04,-0.01,0.01,27.73
33410201,880,1,196407,238601,-1.41,-1.97,9.79,0.01,-0.01,-0.01,27.73
33450201,1273,1,196556,239552,-1.37,-2.09,9.78,-0.01,-0.02,-0.01,27.73
33490214,1429,1,196735,240065,-1.22,-2.14,9.76,-0.03,0.06,0.00,27.73
33530180,1501,1,196847,240560,-1.13,-2.08,9.55,-0.02,-0.02,0.00,27.73
33570201,1506,1,197120,241348,-1.18,-1.95,9.26,-0.07,-0.01,-0.02,27.73
33610904,1493,1,197224,241294,-1.36,-1.84,9.70,-0.03,-0.03,-0.04,27.95
33651214,1712,1,197225,241117,-1.31,-2.03,9.92,-0.00,-0.06,-0.01,27.95
33691217,1687,1,197125,240956,-1.23,-2.09,9.76,-0.02,-0.01,-0.02,27.95
33731214,1715,1,197079,241094,-1.14,-2.04,9.43,-0.01,-0.06,-0.00,27.95
33771217,1797,1,197078,241112,-1.11,-1.90,9.26,-0.05,-0.05,-0.03,27.95
33811214,1750,1,197014,241026,-1.36,-1.88,9.96,-0.02,-0.09,-0.05,27.95
33851217,1781,1,197128,241030,-1.24,-2.06,10.05,-0.01,-0.09,-0.02,27.95
33891214,1765,1,197121,241147,-1.16,-2.18,9.83,-0.02,-0.00,-0.00,27.95
33931217,1904,1,196896,238357,-1.02,-2.10,9.54,0.01,-0.07,0.03,27.95
33971181,1883,1,195208,233795,-1.06,-1.87,9.29,-0.06,-0.01,-0.01,27.95
34011218,1923,1,194562,233827,-1.29,-1.80,9.85,-0.03,-0.01,-0.02,27.95
34051214,1866,1,194815,234774,-1.21,-2.03,9.96,-0.03,-0.07,-0.01,27.95
34091217,1911,1,195148,235445,-1.08,-2.17,9.78,-0.05,0.00,-0.01,27.95
34131200,1933,1,195405,236809,-1.03,-2.09,9.55,-0.03,-0.02,-0.01,27.95
34171218,1895,1,196024,238884,-0.97,-1.89,9.32,-0.07,0.00,-0.03,27.95
34211201,1936,1,196574,239766,-1.21,-1.88,9.80,-0.03,-0.02,-0.02,27.95
34251217,1995,1,196752,240038,-1.17,-2.05,9.99,-0.04,-0.04,0.01,27.95
34291201,2064,1,196768,240308,-1.17,-2.19,9.79,-0.03,0.01,0.01,27.95
34331180,2010,1,197010,240806,-0.95,-2.05,9.46,-0.00,-0.03,0.01,27.95
34371201,1871,1,197118,241336,-1.00,-1.90,9.36,-0.08,0.02,-0.02,27.95
34411201,1955,1,197318,241972,-1.28,-1.90,9.90,-0.03,-0.00,0.00,27.95
34451198,1947,1,197527,242396,-1.12,-2.06,9.90,-0.01,-0.07,0.00,27.95
34491201,1957,1,197511,242673,-1.12,-2.17,9.79,-0.03,0.02,-0.01,27.95
34531201,2030,1,197419,242541,-0.98,-2.11,9.62,-0.00,-0.05,0.00,27.95
34571201,2030,1,196865,239156,-1.02,-1.87,9.38,-0.06,-0.02,-0.02,27.95
34611900,2037,1,195583,237638,-1.25,-1.82,9.81,-0.03,0.01,-0.01,27.91
34650201,2018,1,195718,238731,-1.18,-2.04,9.92,-0.04,-0.02,0.01,27.91
34690201,2160,1,196007,239438,-1.14,-2.22,9.88,-0.04,0.02,0.01,27.91
34730180,2160,1,196154,240094,-0.96,-2.16,9.54,0.01,-0.02,0.02,27.91
34771182,2102,1,196284,240966,-0.94,-2.00,9.34,-0.08,0.04,-0.02,27.91
34811201,2068,1,196598,241313,-1.24,-1.90,9.81,-0.10,0.05,-0.06,27.91
34851201,2123,1,196653,241202,-1.23,-1.93,9.96,-0.04,-0.02,-0.00,27.91
34891217,2115,1,196634,240986,-1.16,-2.16,9.71,-0.03,0.04,0.01,27.91
34931180,2208,1,196576,240797,-1.09,-2.17,9.60,-0.00,-0.06,0.01,27.91
34969219,2166,1,196516,240947,-0.94,-2.07,9.28,-0.04,-0.06,-0.01,27.91
35009213,2205,1,196590,241203,-1.19,-1.91,9.67,-0.06,-0.01,-0.00,27.91
35049216,2207,1,196694,241396,-1.21,-2.08,9.89,-0.04,-0.04,0.01,27.91
35089200,2194,1,196911,241622,-1.22,-2.23,9.89,-0.05,0.02,-0.02,27.91
35129199,2304,1,197157,241955,-1.07,-2.21,9.66,-0.01,-0.03,0.00,27.91
35169200,2190,1,197322,241998,-0.97,-1.91,9.21,-0.07,-0.00,-0.02,27.91
35209217,2255,1,196745,237486,-1.17,-1.78,9.50,-0.06,0.02,-0.02,27.91
35249199,2112,1,195033,234074,-1.24,-2.01,9.91,-0.02,-0.01,0.01,27.91
35289200,2145,1,194642,234008,-1.22,-2.25,9.98,-0.01,0.01,-0.01,27.91
35329199,2031,1,194792,234615,-1.09,-2.27,9.71,-0.01,-0.01,-0.01,27.91
35369217,2155,1,194989,235020,-0.97,-2.06,9.22,-0.07,-0.02,-0.03,27.91
35409213,2176,1,195072,235965,-1.21,-1.87,9.62,-0.06,-0.02,-0.03,27.91
35449217,2121,1,195481,236675,-1.21,-1.99,9.94,-0.02,-0.07,0.00,27.91
35489200,2155,1,195486,236427,-1.21,-2.19,9.94,-0.03,0.02,0.00,27.91
35529179,2157,1,195469,236767,-1.13,-2.25,9.83,0.00,-0.05,0.01,27.91
35569180,2035,1,195622,237692,-0.91,-2.09,9.25,-0.04,-0.03,-0.01,27.91
35609217,1994,1,195779,238016,-1.12,-1.88,9.55,-0.05,0.02,-0.01,27.91
35649886,2063,1,195948,238689,-1.22,-1.98,9.88,-0.04,-0.05,0.00,28.05
35690200,2035,1,196209,239274,-1.18,-2.18,9.90,-0.02,0.04,0.01,28.05
35730177,2016,1,196470,239694,-1.09,-2.21,9.67,0.02,-0.04,0.02,28.05
35770180,1906,1,196541,239880,-0.93,-2.03,9.21,-0.03,-0.02,-0.01,28.05
35809213,1959,1,196306,236918,-1.17,-1.83,9.64,-0.03,0.01,-0.02,28.05
35849200,2041,1,194464,232325,-1.21,-1.95,9.89,-0.01,-0.07,-0.01,28.05
35889214,2114,1,193848,231680,-1.20,-2.15,9.94,-0.01,0.02,-0.02,28.05
35929200,1904,1,193924,232128,-1.02,-2.27,9.80,0.02,-0.04,0.02,28.05
35969177,1936,1,194153,232776,-0.91,-2.07,9.28,-0.07,-0.00,-0.01,28.05
36009214,1951,1,194280,233565,-1.19,-1.84,9.57,-0.06,0.02,-0.02,28.05
36049200,1933,1,194666,234934,-1.19,-1.93,9.87,-0.02,-0.06,-0.00,28.05
36089216,1920,1,195100,235297,-1.17,-2.06,9.93,-0.03,0.01,-0.02,28.05
36129200,1986,1,195021,235012,-1.06,-2.18,9.79,0.03,-0.04,0.00,28.05
36169179,2085,1,194943,235091,-0.89,-2.03,9.27,-0.02,-0.03,-0.05,28.05
36209213,1936,1,194868,235283,-1.13,-1.82,9.61,-0.02,-0.02,-0.04,28.05
36249216,2034,1,195032,236105,-1.12,-1.92,9.89,0.01,-0.05,0.00,28.05
36289179,2131,1,195240,236706,-1.12,-2.02,9.90,-0.02,-0.02,-0.02,28.05
36329216,1938,1,195416,237591,-0.96,-2.14,9.66,0.00,-0.07,0.00,28.05
36369177,1702,1,195696,238417,-0.88,-2.01,9.44,-0.05,-0.03,-0.03,28.05
36409221,1925,1,195829,238403,-1.07,-1.83,9.53,-0.04,-0.01,-0.03,28.05
36449213,2071,1,195246,233797,-1.07,-1.75,9.75,-0.03,-0.07,-0.01,28.05
36489217,1973,1,193309,230561,-1.05,-2.00,9.89,-0.02,-0.02,-0.01,28.05
36529213,1846,1,193058,230345,-0.97,-2.12,9.86,0.01,-0.03,-0.00,28.05
36569200,1918,1,192981,230535,-0.81,-2.00,9.38,-0.06,-0.01,-0.02,28.05
36609219,1827,1,193069,230600,-1.04,-1.72,9.54,-0.08,0.05,-0.00,28.05
36649885,1712,1,193178,230846,-1.12,-1.84,9.79,-0.05,-0.05,0.00,28.11
36688199,1889,1,193487,231784,-1.13,-1.98,10.02,-0.04,-0.02,-0.01,28.11
36728216,1817,1,193792,232310,-1.00,-2.12,9.94,-0.02,-0.04,0.01,28.11
36768199,1931,1,193877,232407,-0.89,-2.03,9.51,-0.05,0.02,0.01,28.11
36808179,1926,1,193876,232303,-1.07,-1.79,9.52,-0.04,0.01,0.00,28.11
36848177,2043,1,193961,232828,-1.08,-1.83,9.75,-0.03,-0.05,0.00,28.11
36888199,2023,1,194296,233585,-1.15,-2.07,10.05,-0.03,-0.00,-0.01,28.11
36928213,2045,1,194570,234368,-0.99,-2.25,9.98,0.02,-0.03,0.02,28.11
36968179,1971,1,194715,235409,-0.86,-2.12,9.47,-0.03,-0.03,-0.01,28.11
37008213,1994,1,194862,236629,-1.01,-1.78,9.52,-0.05,0.02,-0.00,28.11
37048199,2113,1,195306,237899,-1.05,-1.87,9.87,-0.06,-0.03,0.01,28.11
37088199,2032,1,195683,237818,-1.09,-2.07,10.06,-0.04,0.00,0.00,28.11
37128179,2047,1,194475,232462,-0.91,-2.23,9.82,0.00,-0.02,0.01,28.11
37168177,2103,1,193231,231388,-0.84,-2.04,9.36,-0.02,0.02,-0.00,28.11
37208200,1921,1,193199,232462,-0.97,-1.80,9.45,-0.05,0.05,-0.01,28.11
37248199,2021,1,193521,233553,-1.07,-1.88,9.90,-0.05,-0.06,-0.01,28.11
37288216,2045,1,193843,234196,-1.04,-2.01,9.90,-0.05,-0.00,-0.02,28.11
37328212,1971,1,194179,235431,-0.99,-2.11,9.90,0.01,-0.01,0.02,28.11
37368179,2106,1,194714,236701,-0.80,-1.94,9.29,-0.05,-0.02,-0.01,28.11
37408212,1915,1,194841,236794,-1.05,-1.77,9.50,-0.06,-0.01,-0.02,28.11
37448213,1926,1,194779,236836,-1.09,-1.75,9.73,-0.05,-0.04,-0.01,28.11
37488212,2038,1,194807,236573,-1.08,-1.97,9.95,-0.04,-0.01,-0.01,28.11
37528217,2015,1,194793,236535,-1.01,-2.14,9.94,0.02,-0.07,0.03,28.11
37568177,2063,1,194884,236858,-0.91,-2.12,9.61,-0.04,-0.03,-0.00,28.11
37608216,1946,1,194954,237319,-1.06,-1.90,9.68,-0.04,-0.01,-0.01,28.11
37648212,2026,1,195071,237666,-1.08,-1.86,9.79,-0.06,-0.06,-0.01,28.11
37688903,1982,1,195200,237677,-1.12,-2.06,10.02,-0.05,0.00,-0.01,28.17
37729195,1968,1,195138,237112,-1.00,-2.17,9.83,0.04,-0.07,0.02,28.17
37769177,1997,1,194471,232108,-0.83,-2.04,9.33,-0.03,0.01,-0.01,28.17
37809195,1955,1,192814,229592,-1.01,-1.79,9.53,-0.04,0.00,-0.04,28.17
37849200,1962,1,192576,229650,-1.06,-1.80,9.80,-0.03,-0.06,-0.02,28.17
37889213,1815,1,192751,229870,-1.02,-2.03,10.07,-0.04,0.01,-0.02,28.17
37929197,1818,1,192739,230024,-0.95,-2.11,9.99,0.01,-0.03,0.01,28.17
37969177,1899,1,192910,230845,-0.77,-1.99,9.32,-0.05,0.00,-0.03,28.17
38009200,1856,1,193134,231641,-0.93,-1.64,9.47,-0.05,0.01,-0.03,28.17
38049195,1890,1,193274,232100,-1.03,-1.81,9.79,-0.07,-0.03,0.01,28.17
38089199,1873,1,193424,232265,-1.13,-2.00,10.01,-0.06,0.01,-0.02,28.17
38129195,2018,1,193620,232675,-0.96,-2.13,9.78,0.04,-0.05,0.01,28.17
38169179,2032,1,193858,233762,-0.71,-2.06,9.23,-0.07,0.01,-0.01,28.17
38209199,1869,1,194012,234589,-0.98,-1.80,9.52,-0.05,0.03,-0.02,28.17
38249200,2107,1,194206,235650,-1.02,-1.81,9.74,-0.02,-0.02,-0.00,28.17
38289212,2112,1,194578,236452,-0.97,-1.97,9.88,-0.06,0.05,-0.01,28.17
38329200,1887,1,194735,236884,-0.98,-2.15,9.91,-0.01,-0.04,0.01,28.17
38367199,2106,1,194797,234945,-0.82,-2.13,9.48,-0.01,-0.05,-0.01,28.17
38407216,2080,1,193153,230140,-0.88,-1.82,9.53,-0.04,0.02,-0.02,28.17
38447225,2091,1,192280,229407,-1.13,-1.85,9.90,-0.03,-0.06,0.00,28.17
38487199,2118,1,192442,229472,-1.14,-2.04,10.01,-0.05,-0.00,-0.01,28.17
38527212,2151,1,192617,229710,-1.00,-2.24,9.99,0.02,-0.05,0.02,28.17
38567179,2176,1,192477,229976,-0.81,-2.19,9.39,-0.04,-0.02,-0.01,28.17
38607213,2163,1,192713,230694,-0.94,-1.86,9.42,-0.05,0.03,-0.03,28.17
38647200,2166,1,192925,231478,-1.00,-1.83,9.73,-0.05,-0.03,-0.01,28.17
38687213,2089,1,192989,231732,-1.07,-2.04,10.11,-0.06,0.01,-0.02,28.17
38727885,1987,1,193201,232093,-1.00,-2.15,10.09,0.02,-0.02,0.00,27.93
38768177,1988,1,193424,233110,-0.75,-2.01,9.37,-0.05,0.01,-0.02,27.93
38808200,1963,1,193690,234016,-0.91,-1.75,9.45,-0.05,0.05,-0.00,27.93
38848199,1948,1,194112,235219,-1.05,-1.72,9.65,-0.05,-0.01,0.01,27.93
38888200,1975,1,194372,236060,-1.06,-1.91,9.84,-0.04,0.03,-0.00,27.93
38928196,1964,1,194655,237164,-1.01,-2.14,9.88,0.02,-0.02,0.02,27.93
38968179,1987,1,195041,238353,-0.84,-2.08,9.41,-0.03,-0.01,0.00,27.93
39008194,1998,1,194858,235909,-0.93,-1.78,9.39,-0.02,0.02,0.01,27.93
39048179,2023,1,193046,231161,-1.07,-1.81,9.71,-0.04,-0.01,0.01,27.93
39088195,2001,1,192376,231508,-1.11,-1.98,10.05,-0.03,-0.00,-0.04,27.93
39128216,1993,1,192825,232805,-0.98,-2.13,9.96,0.02,-0.01,0.02,27.93
39168177,2000,1,193194,233777,-0.80,-1.99,9.32,-0.09,0.02,0.00,27.93
39208177,1991,1,193286,234487,-1.09,-1.84,9.60,-0.04,0.03,0.01,27.93
39248177,2069,1,193413,235662,-1.11,-1.74,9.69,-0.04,-0.04,0.01,27.93
39288200,1919,1,193733,236255,-1.21,-1.88,9.85,-0.07,0.05,-0.01,27.93
39328195,1957,1,193725,236127,-1.17,-2.15,10.06,0.03,-0.05,0.03,27.93
39368179,1969,1,193731,236811,-1.02,-2.14,9.56,-0.03,-0.04,-0.01,27.93
39408212,1840,1,193880,237387,-1.08,-1.85,9.61,-0.04,0.01,-0.03,27.93
39448200,1904,1,194104,238403,-1.15,-1.90,9.91,-0.05,-0.01,0.02,27.93
39488196,1916,1,194494,239300,-1.15,-2.05,9.94,-0.08,0.03,-0.01,27.93
39528199,1985,1,194792,240007,-1.10,-2.25,9.98,0.00,-0.02,0.00,27.93
39568177,2037,1,195024,240510,-0.87,-2.05,9.39,-0.04,0.00,-0.02,27.93
39608197,1979,1,195154,240587,-1.02,-1.76,9.44,-0.06,0.07,0.00,27.93
39648177,1969,1,195110,239557,-1.15,-1.79,9.67,-0.03,-0.03,0.02,27.93
39688200,1976,1,193381,230518,-1.16,-1.96,9.87,-0.01,0.03,-0.01,27.93
39728882,2081,1,191133,228086,-1.13,-2.06,10.02,0.07,0.05,0.03,27.87
39767171,2039,1,190909,228025,-1.00,-2.14,9.58,0.03,0.02,0.04,27.87
39807167,1964,1,190955,228394,-0.98,-1.87,9.35,-0.01,-0.01,0.02,27.87
39847200,2061,1,191020,229324,-1.05,-1.73,9.53,-0.02,0.01,0.05,27.87
39887177,2001,1,191425,232006,-1.17,-1.78,9.85,-0.04,-0.02,0.02,27.87
39927200,2059,1,192377,234701,-1.24,-1.97,10.02,0.03,-0.03,0.05,27.87
39967177,2058,1,192750,235820,-1.02,-1.95,9.49,-0.02,-0.02,0.03,27.87
40007200,2061,1,192854,236318,-1.08,-1.72,9.42,-0.01,-0.00,0.03,27.87
40047194,1989,1,193096,237301,-1.29,-1.74,9.80,-0.02,-0.01,0.05,27.87
40087200,2047,1,193634,238623,-1.26,-1.81,9.93,-0.03,-0.01,0.01,27.87
40127196,2006,1,194199,239956,-1.17,-2.03,9.95,0.01,-0.05,0.02,27.87
40167180,1938,1,195114,241179,-0.92,-1.99,9.52,-0.06,-0.06,-0.03,27.87
40207212,1903,1,195518,241529,-0.99,-1.75,9.54,-0.06,-0.02,-0.05,27.87
40247213,1985,1,195771,241884,-1.17,-1.73,9.78,-0.07,0.00,-0.02,27.87
40287195,1894,1,195674,241548,-1.28,-1.88,10.03,-0.09,0.01,-0.04,27.87
40327200,1958,1,194927,237988,-1.19,-2.02,10.02,0.00,-0.01,-0.02,27.87
40367196,2037,1,194271,238444,-1.06,-1.98,9.48,-0.05,-0.02,-0.05,27.87
40407213,1855,1,194718,239435,-1.04,-1.78,9.42,-0.08,0.01,-0.05,27.87
40447195,1999,1,195076,240156,-1.14,-1.76,9.76,-0.06,-0.03,-0.03,27.87
40487213,2086,1,195306,240707,-1.19,-1.88,9.96,-0.06,0.01,-0.04,27.87
40527196,1955,1,195676,241477,-1.14,-2.05,9.97,0.01,-0.02,-0.00,27.87
40567199,1995,1,195979,241909,-0.92,-1.99,9.33,-0.06,-0.03,-0.03,27.87
40607213,1840,1,195944,241878,-1.07,-1.80,9.45,-0.06,0.00,-0.04,27.87
40647197,1845,1,196099,242344,-1.17,-1.77,9.79,-0.02,-0.03,0.00,27.87
40687195,1909,1,196213,242708,-1.13,-1.84,9.90,-0.05,0.04,-0.00,27.87
40727200,2000,1,196378,242883,-1.15,-2.09,9.95,0.02,-0.03,0.02,27.87
40767863,1945,1,196399,243040,-0.96,-2.05,9.35,-0.03,-0.04,-0.02,28.05
40806212,1940,1,196376,242989,-1.04,-1.85,9.44,-0.06,0.01,-0.03,28.05
40846196,1920,1,196450,243011,-1.17,-1.79,9.75,-0.07,-0.05,0.00,28.05
40886200,1866,1,196478,242672,-1.21,-1.92,10.03,-0.05,-0.01,-0.02,28.05
40926212,1940,1,195773,238256,-1.07,-2.13,10.04,0.02,-0.05,0.00,28.05
40966178,1870,1,194432,237022,-0.98,-2.06,9.47,-0.03,-0.01,-0.02,28.05
41006212,1879,1,194537,237651,-1.03,-1.84,9.46,-0.03,-0.01,-0.02,28.05
41046216,2017,1,194913,238493,-1.07,-1.77,9.61,-0.07,-0.03,0.00,28.05
41086194,2015,1,195070,238499,-1.18,-1.92,9.99,-0.10,0.00,-0.02,28.05
41126200,2000,1,195103,238993,-1.13,-2.12,9.98,0.01,-0.04,0.00,28.05
41166179,2153,1,195438,239878,-0.93,-2.09,9.46,-0.04,-0.03,-0.03,28.05
41206216,2076,1,195687,240150,-0.98,-1.80,9.32,-0.06,0.01,-0.04,28.05
41246199,2096,1,195612,240484,-1.08,-1.80,9.74,-0.03,-0.02,-0.00,28.05
41286217,2070,1,195741,241088,-1.14,-1.87,10.04,-0.04,0.02,-0.01,28.05
41326196,1979,1,195845,241618,-1.11,-2.11,10.19,0.01,-0.02,0.02,28.05
41366179,2131,1,196037,242103,-0.93,-2.15,9.56,-0.02,-0.00,-0.00,28.05
41406212,1939,1,196200,242238,-1.03,-1.83,9.31,-0.04,0.03,-0.01,28.05
41446200,1967,1,196312,242238,-1.14,-1.75,9.60,-0.05,-0.06,-0.02,28.05
41486213,1952,1,196442,242302,-1.14,-1.86,9.85,-0.07,0.01,-0.03,28.05
41526206,2036,1,196441,241755,-1.12,-2.16,10.18,0.03,0.00,0.04,28.05
41566166,1937,1,195363,236208,-0.93,-2.19,9.47,-0.02,-0.00,0.00,28.05
41606200,1898,1,193969,234842,-0.98,-1.80,9.27,-0.02,0.01,-0.03,28.05
41646200,1903,1,194079,236521,-1.08,-1.72,9.60,-0.04,-0.03,-0.01,28.05
41686213,1990,1,194576,237529,-1.16,-1.84,10.04,-0.07,0.01,-0.01,28.05
41726223,2027,1,194779,237787,-1.12,-2.03,10.05,0.02,-0.04,0.03,28.05
41766179,2119,1,194988,238625,-0.95,-2.05,9.44,-0.04,-0.03,-0.02,28.05
41806898,2134,1,195347,238887,-1.01,-1.77,9.37,-0.04,-0.00,-0.02,27.81
41845217,2162,1,195387,239160,-1.11,-1.70,9.55,-0.06,-0.02,0.02,27.81
41885200,1899,1,195445,239467,-1.21,-1.83,9.92,-0.07,0.00,-0.00,27.81
41925200,1987,1,195496,239770,-1.12,-2.08,10.11,0.01,-0.02,0.02,27.81
41965179,2075,1,195637,240212,-0.95,-2.13,9.54,-0.04,-0.03,-0.00,27.81
42005217,1988,1,195803,240637,-0.99,-1.86,9.30,-0.06,0.00,-0.03,27.81
42045197,2156,1,195917,241084,-1.11,-1.71,9.51,-0.07,-0.03,-0.01,27.81
42085217,1968,1,195955,241306,-1.16,-1.87,9.99,-0.10,0.02,-0.03,27.81
42125200,1927,1,195956,241528,-1.19,-2.10,10.33,0.02,-0.00,0.04,27.81
42165179,2032,1,196017,241496,-0.96,-2.15,9.58,-0.03,-0.03,0.01,27.81
42205199,2015,1,195127,236224,-0.98,-1.95,9.26,-0.03,0.03,-0.01,27.81
42245200,1990,1,193542,234865,-1.10,-1.78,9.52,-0.02,-0.03,0.00,27.81
42285200,2017,1,193755,236065,-1.14,-1.83,9.87,-0.07,-0.03,-0.02,27.81
42325216,2081,1,194143,236998,-1.13,-2.15,10.18,-0.03,-0.01,0.01,27.81
42365200,1991,1,194404,237498,-0.97,-2.26,9.69,-0.04,-0.01,-0.00,27.81
42405214,1933,1,194510,238120,-0.96,-1.91,9.35,-0.02,0.00,-0.02,27.81
42445200,1847,1,194830,238796,-1.07,-1.75,9.52,-0.04,-0.03,-0.00,27.81
42485216,1953,1,194974,238917,-1.17,-1.89,9.95,-0.07,0.02,-0.02,27.81
42525203,2030,1,194942,238838,-1.12,-2.08,10.17,0.02,-0.03,0.01,27.81
42565179,2055,1,195090,239193,-0.90,-2.16,9.48,-0.02,-0.02,-0.00,27.81
42605213,2011,1,195266,239405,-0.96,-1.92,9.31,-0.04,-0.01,-0.02,27.81
42645213,1917,1,195365,239988,-1.09,-1.80,9.46,-0.03,-0.04,0.00,27.81
42685195,1911,1,195411,240563,-1.14,-1.88,9.97,-0.05,0.02,-0.01,27.81
42725200,1867,1,195666,241032,-1.12,-2.14,10.18,0.01,-0.04,0.02,27.81
42765180,1790,1,195796,241286,-0.87,-2.15,9.44,-0.02,-0.01,-0.01,27.81
42805217,1920,1,195465,237884,-0.96,-1.91,9.37,-0.03,0.03,-0.01,27.81
42845886,1921,1,193685,234836,-1.11,-1.77,9.67,-0.03,-0.05,-0.01,27.75
42886215,1872,1,193514,235873,-1.15,-1.83,9.95,-0.03,0.00,-0.03,27.75
42926196,1767,1,194068,237586,-1.05,-2.12,10.04,0.01,0.01,0.02,27.75
42966171,1883,1,194564,238692,-0.95,-2.18,9.63,-0.05,-0.04,-0.01,27.75
43006213,1914,1,194768,239398,-1.06,-1.87,9.37,-0.01,0.01,-0.01,27.75
43046200,1959,1,195134,240575,-1.06,-1.67,9.47,-0.03,-0.03,-0.00,27.75
43086213,1967,1,195289,240984,-1.13,-1.84,9.91,-0.06,0.01,-0.01,27.75
43126200,2046,1,195376,241097,-1.16,-2.15,10.23,0.02,-0.05,0.00,27.75
43166197,2037,1,195522,241451,-0.87,-2.07,9.53,-0.03,0.00,-0.01,27.75
43206197,1931,1,195675,241554,-0.98,-1.83,9.30,-0.05,0.04,0.00,27.75
43246177,1983,1,195820,241854,-1.19,-1.72,9.60,-0.06,-0.06,-0.01,27.75
43284216,2029,1,195821,242055,-1.14,-1.71,9.79,-0.06,0.00,-0.04,27.75
43324200,2041,1,195922,242185,-1.13,-1.99,10.14,0.00,-0.01,0.02,27.75
43364180,2026,1,196082,242482,-0.95,-2.16,9.69,-0.03,-0.03,0.00,27.75
43404200,2054,1,195994,241471,-1.00,-1.90,9.35,-0.02,0.03,-0.01,27.75
43444200,1933,1,194833,238132,-1.08,-1.74,9.45,-0.03,-0.05,0.00,27.75
43484199,2012,1,194413,239223,-1.16,-1.72,9.77,-0.07,0.00,-0.05,27.75
43524206,2032,1,194908,240688,-1.16,-2.04,10.22,0.01,-0.02,0.01,27.75
43564179,2009,1,195392,241655,-0.89,-2.16,9.71,-0.04,-0.03,-0.01,27.75
43604213,1922,1,195603,242100,-0.95,-1.92,9.40,-0.04,0.04,-0.01,27.75
43644200,2000,1,195891,242462,-1.06,-1.76,9.50,-0.05,-0.03,-0.01,27.75
43684213,1904,1,196115,242620,-1.18,-1.75,9.85,-0.06,0.01,-0.02,27.75
43724196,1936,1,196083,242555,-1.13,-2.03,10.20,0.00,-0.04,0.01,27.75
43764179,1892,1,196133,242730,-0.97,-2.10,9.70,-0.01,-0.03,-0.02,27.75
43804213,2021,1,196173,242635,-0.94,-1.96,9.35,-0.03,0.00,-0.01,27.75
43844200,2047,1,196241,242900,-1.05,-1.73,9.37,-0.05,-0.05,-0.00,27.75
43884900,1985,1,196342,243093,-1.19,-1.75,9.87,-0.07,0.03,-0.02,27.87
43925200,2029,1,196334,243162,-1.12,-2.07,10.21,0.00,-0.05,0.01,27.87
43965177,2032,1,196277,243094,-0.92,-2.15,9.62,-0.03,-0.04,-0.00,27.87
44005213,2047,1,196287,242873,-0.99,-1.88,9.38,-0.04,0.02,0.00,27.87
44045177,2083,1,195630,238491,-1.03,-1.81,9.45,-0.08,-0.02,0.00,27.87
44085200,2043,1,194053,236015,-1.15,-1.79,9.91,-0.05,-0.01,-0.02,27.87
44125213,2054,1,193954,236754,-1.08,-2.07,10.13,0.01,-0.02,0.01,27.87
44165180,2035,1,194383,237931,-0.88,-2.17,9.62,-0.04,-0.01,0.00,27.87
44205195,1977,1,194670,238480,-0.98,-1.92,9.40,-0.05,-0.01,-0.01,27.87
44245217,1929,1,194825,239406,-1.07,-1.79,9.47,-0.06,-0.04,-0.00,27.87
44285213,1873,1,195174,240165,-1.11,-1.87,9.94,-0.07,0.01,-0.02,27.87
44325201,1986,1,195377,240218,-1.11,-2.09,10.24,0.02,-0.03,0.02,27.87
44365177,1997,1,195363,240392,-0.91,-2.20,9.63,-0.05,-0.03,-0.01,27.87
44405213,2001,1,195308,240670,-0.94,-1.94,9.34,-0.04,0.01,-0.01,27.87
44445196,1983,1,195405,241348,-1.03,-1.81,9.50,-0.07,-0.03,0.01,27.87
44485200,1933,1,195673,242023,-1.11,-1.84,9.94,-0.07,-0.00,-0.01,27.87
44525217,2018,1,195842,242602,-1.11,-2.13,10.06,0.02,-0.02,0.03,27.87
44565180,1964,1,195978,243082,-0.88,-2.13,9.50,-0.04,-0.04,-0.00,27.87
44605213,1982,1,196050,243188,-0.93,-1.87,9.39,-0.03,0.02,-0.01,27.87
44645200,1974,1,195871,241410,-1.04,-1.79,9.37,-0.07,-0.02,0.01,27.87
44685196,1977,1,194785,239588,-1.15,-1.87,9.91,-0.06,0.01,-0.03,27.87
44725200,1963,1,194840,240305,-1.09,-2.13,10.11,0.03,-0.04,-0.00,27.87
44765196,1942,1,195174,241116,-0.89,-2.24,9.63,-0.05,-0.00,-0.00,27.87
44805234,1918,1,195376,241226,-1.00,-1.93,9.41,-0.03,0.02,-0.01,27.87
44845195,1914,1,195408,241582,-1.02,-1.73,9.36,-0.04,-0.05,-0.01,27.87
44885899,1931,1,195603,241796,-1.11,-1.84,9.88,-0.08,0.02,-0.02,27.95
44924200,1974,1,195649,241886,-1.13,-2.14,10.31,-0.00,-0.01,0.01,27.95
44964200,1904,1,195625,241883,-0.95,-2.23,9.73,-0.02,-0.02,-0.01,27.95
45004238,1833,1,195760,241958,-0.91,-1.95,9.30,-0.02,0.03,-0.02,27.95
45044200,1925,1,195782,242157,-1.03,-1.83,9.54,-0.06,-0.03,-0.01,27.95
45084213,2001,1,195799,241939,-1.21,-1.87,9.92,-0.06,-0.01,-0.02,27.95
45124217,2128,1,195775,241193,-1.14,-2.11,10.09,0.01,-0.03,0.00,27.95
45164177,2001,1,195452,239193,-0.87,-2.07,9.66,-0.05,-0.04,-0.04,27.95
45204217,1929,1,194544,235371,-0.82,-1.98,9.45,-0.06,0.08,0.03,27.95
45244179,2025,1,191796,227870,-1.16,-1.98,9.63,-0.04,0.05,-0.03,27.95
45284200,1978,1,190113,224457,-1.12,-1.85,9.51,-0.04,0.08,-0.07,27.95
45324196,2002,1,188984,221652,-1.28,-1.97,9.77,-0.08,-0.01,-0.01,27.95
45364216,2055,1,188366,220452,-1.24,-2.21,9.64,-0.09,-0.09,-0.02,27.95
45404213,1943,1,188093,221461,-1.37,-2.10,9.53,-0.09,-0.05,0.08,27.95
45444200,1797,1,190205,228370,-0.50,-2.18,9.96,0.01,0.06,0.03,27.95
45484168,1633,1,193121,235785,-0.99,-2.01,9.54,-0.16,0.02,-0.05,27.95
45524207,1043,1,195151,240056,-1.34,-1.92,9.96,-0.18,0.16,0.07,27.95
45564180,560,1,195999,241770,-1.19,-2.34,9.81,-0.12,0.40,0.11,27.95
45604180,59,1,196160,242460,-1.27,-2.39,9.41,-0.06,0.28,0.07,27.95
45644181,63,1,196345,242763,-1.43,-2.10,9.10,-0.02,0.01,0.04,27.95
45684181,64,1,196393,242782,-1.56,-2.02,9.59,-0.06,-0.01,-0.00,27.95
45724214,64,1,196477,242821,-1.51,-2.10,10.07,0.01,0.00,0.02,27.95
45764171,64,1,196470,242854,-1.29,-2.37,9.77,-0.04,-0.08,-0.00,27.95
45804214,59,1,196476,242641,-1.41,-2.29,9.40,-0.03,-0.01,-0.01,27.95
45844215,63,1,195944,241184,-1.48,-2.05,9.17,-0.01,-0.00,-0.01,27.95
45884214,621,1,195633,240831,-1.56,-1.93,9.70,-0.07,0.01,-0.04,27.95
45924887,1053,1,195639,240921,-1.54,-2.14,10.14,0.01,-0.02,0.01,28.07
45963180,1712,1,195683,240985,-1.28,-2.43,9.86,-0.01,-0.06,-0.00,28.07
46003217,1740,1,195669,241114,-1.33,-2.34,9.35,-0.02,-0.00,-0.01,28.07
46043214,2023,1,195774,241641,-1.49,-2.08,9.15,-0.01,-0.06,-0.01,28.07
46083217,2034,1,195888,242161,-1.49,-1.88,9.49,-0.06,0.04,-0.02,28.07
46123201,2192,1,195973,242450,-1.57,-2.10,10.17,-0.02,0.04,0.03,28.07
46163180,2496,1,196021,242711,-1.33,-2.37,9.87,-0.01,-0.01,0.01,28.07
46203200,2319,1,196021,242888,-1.34,-2.24,9.22,-0.01,0.01,-0.01,28.07
46243230,2470,1,195979,242825,-1.47,-2.03,9.11,-0.02,-0.07,0.00,28.07
46283201,2477,1,195978,242855,-1.58,-1.95,9.53,-0.08,0.00,-0.02,28.07
46323200,2559,1,196074,242968,-1.55,-2.08,10.08,-0.03,0.04,0.02,28.07
46363180,2786,1,196041,243039,-1.35,-2.36,9.85,-0.02,-0.05,0.02,28.07
46403201,2627,1,196097,242698,-1.41,-2.29,9.49,-0.00,-0.01,0.01,28.07
46443206,2672,1,195614,240810,-1.46,-2.06,9.14,-0.00,-0.06,0.01,28.07
46483200,2666,1,195091,240565,-1.54,-1.95,9.45,-0.05,-0.03,-0.03,28.07
46523214,2672,1,195318,241113,-1.49,-2.07,9.98,-0.01,0.01,0.02,28.07
46563180,2754,1,195549,241456,-1.30,-2.35,9.84,-0.03,-0.02,0.02,28.07
46603201,2690,1,195746,241901,-1.39,-2.21,9.46,-0.01,-0.02,-0.01,28.07
46643238,2732,1,195925,242551,-1.51,-2.13,9.18,-0.03,0.01,0.02,28.07
46683180,2625,1,196265,242803,-1.49,-1.87,9.34,-0.09,0.07,0.03,28.07
46723180,2557,1,196482,242917,-1.52,-2.03,10.15,-0.00,0.01,0.06,28.07
46763180,2544,1,196615,243217,-1.40,-2.34,10.10,0.03,-0.12,-0.02,28.07
46803201,2629,1,196804,243453,-1.36,-2.21,9.48,0.06,-0.09,-0.00,28.07
46843200,2551,1,196822,243445,-1.42,-1.98,9.21,0.02,-0.05,0.01,28.07
46883180,2525,1,196745,243133,-1.52,-1.81,9.52,-0.06,-0.08,-0.02,28.07
46923214,2512,1,196665,242755,-1.46,-1.98,9.97,0.02,-0.06,0.02,28.07
46963866,2479,1,196491,241969,-1.24,-2.17,9.86,0.02,-0.12,0.01,27.93
47002180,2384,1,195947,240554,-1.19,-2.14,9.62,0.06,-0.16,-0.01,27.93
47042201,2510,1,194747,234020,-1.28,-1.98,9.34,0.07,-0.14,0.01,27.93
47082181,2422,1,192455,230019,-1.36,-1.72,9.49,0.03,-0.05,0.00,27.93
47122180,2304,1,192226,230126,-1.41,-1.67,9.80,0.02,0.01,0.07,27.93
47162171,2333,1,192749,231775,-1.22,-1.75,9.40,-0.04,0.04,0.05,27.93
47202180,2174,1,192635,232155,-1.12,-1.97,9.69,-0.07,0.03,-0.07,27.93
47242201,1884,1,192697,233404,-1.18,-1.86,9.63,-0.01,-0.08,-0.04,27.93
47282217,1619,1,193253,235136,-1.23,-1.87,9.58,-0.03,-0.02,-0.03,27.93
47322214,1594,1,194079,237935,-1.41,-1.88,9.83,-0.03,0.03,0.03,27.93
47362181,1535,1,195384,240860,-1.02,-2.08,10.16,-0.06,0.19,0.04,27.93
47402181,1599,1,195972,242090,-1.18,-2.12,9.79,-0.09,0.15,0.04,27.93
47442181,1535,1,196197,242734,-1.38,-1.86,9.09,-0.03,0.04,0.04,27.93
47482181,1630,1,196346,243145,-1.41,-1.69,9.18,-0.09,0.04,-0.05,27.93
47522206,1655,1,196380,243265,-1.53,-1.81,10.09,-0.06,0.07,-0.01,27.93
47562201,1658,1,196409,243319,-1.41,-2.19,10.10,-0.05,0.01,0.01,27.93
47602180,1693,1,196443,243491,-1.40,-2.13,9.57,-0.05,0.02,-0.02,27.93
47642201,1776,1,196238,242719,-1.47,-1.89,9.13,-0.05,0.01,-0.00,27.93
47682201,1887,1,195829,242286,-1.55,-1.70,9.39,-0.13,0.07,-0.03,27.93
47722201,1856,1,195900,242236,-1.63,-1.85,10.06,-0.08,0.09,-0.00,27.93
47762201,1959,1,195995,242169,-1.50,-2.38,10.01,-0.07,0.00,0.00,27.93
47802178,1935,1,195971,242164,-1.49,-2.26,9.46,-0.06,0.01,-0.02,27.93
47842201,2066,1,196033,242360,-1.54,-1.90,9.05,-0.04,-0.01,-0.00,27.93
47882214,2096,1,196118,242585,-1.62,-1.71,9.51,-0.06,0.00,-0.03,27.93
47922201,2000,1,196197,242750,-1.75,-1.91,10.18,-0.00,0.06,0.03,27.93
47962181,2080,1,196286,243172,-1.61,-2.26,10.10,0.01,0.05,0.02,27.93
48002857,2146,1,196477,243370,-1.43,-2.17,9.46,-0.01,0.01,-0.02,27.95
48043201,2205,1,196476,243492,-1.52,-1.86,8.90,-0.04,-0.04,-0.01,27.95
48083218,2224,1,196405,243622,-1.73,-1.84,9.59,-0.10,0.00,-0.04,27.95
48123201,2210,1,196470,243717,-1.76,-2.00,10.27,0.01,0.04,0.02,27.95
48163171,2119,1,196416,243784,-1.53,-2.34,9.89,-0.03,-0.03,0.01,27.95
48203201,2078,1,196466,243811,-1.54,-2.23,9.30,-0.05,0.03,-0.01,27.95
48243201,2026,1,196487,243419,-1.67,-1.82,9.09,-0.03,-0.06,-0.00,27.95
48283231,1989,1,196088,242361,-1.68,-1.76,9.54,-0.07,0.01,-0.03,27.95
48323201,1985,1,195958,242326,-1.72,-2.04,10.26,-0.01,0.02,0.01,27.95
48363181,1974,1,196038,242458,-1.52,-2.38,9.84,-0.01,-0.08,-0.00,27.95
48403218,2045,1,196090,242590,-1.52,-2.18,9.24,-0.02,-0.02,-0.02,27.95
48443214,1983,1,196129,242960,-1.59,-1.84,9.16,-0.02,-0.06,-0.01,27.95
48483221,2061,1,196254,243267,-1.68,-1.75,9.65,-0.06,0.02,-0.03,27.95
48521201,2179,1,196400,243315,-1.75,-1.91,10.23,0.00,0.06,0.03,27.95
48561171,2139,1,196475,243412,-1.50,-2.33,9.91,-0.01,-0.06,0.02,27.95
48601201,2283,1,196476,243483,-1.54,-2.20,9.41,-0.02,0.02,0.01,27.95
48641181,2348,1,196563,243608,-1.59,-1.83,9.03,-0.04,-0.03,0.01,27.95
48681201,2373,1,196589,243559,-1.68,-1.75,9.53,-0.10,-0.03,-0.05,27.95
48721218,2445,1,196679,243686,-1.71,-1.98,10.16,0.00,0.02,0.02,27.95
48761171,2558,1,196716,243830,-1.49,-2.31,9.80,-0.01,-0.03,0.01,27.95
48801201,2471,1,196694,243883,-1.57,-2.22,9.51,-0.05,-0.01,-0.03,27.95
48841214,2283,1,196727,243965,-1.60,-1.81,9.13,-0.01,-0.07,0.00,27.95
48881201,2265,1,196714,243612,-1.64,-1.65,9.43,-0.08,0.02,-0.01,27.95
48922201,2240,1,196344,242631,-1.75,-2.06,10.24,-0.01,0.03,0.03,27.95
48962180,2062,1,196207,242672,-1.47,-2.33,9.81,0.01,-0.07,0.01,27.95
49002180,1936,1,196299,242856,-1.42,-2.18,9.15,-0.03,-0.03,-0.01,27.95
49042904,2133,1,196200,243011,-1.64,-1.90,9.18,-0.05,0.00,-0.01,27.93
49081201,2160,1,196236,243009,-1.69,-1.69,9.58,-0.09,0.01,-0.03,27.93
49121201,2087,1,196353,243169,-1.68,-1.92,10.07,-0.00,-0.02,0.02,27.93
49161201,2261,1,196394,243344,-1.53,-2.30,9.92,-0.04,-0.05,-0.01,27.93
49201218,2060,1,196487,243498,-1.53,-2.16,9.48,-0.06,0.03,-0.02,27.93
49241201,1929,1,196598,243743,-1.65,-1.81,9.16,-0.04,-0.04,0.01,27.93
49281201,1702,1,196645,244130,-1.64,-1.71,9.44,-0.11,0.05,-0.03,27.93
49321201,1647,1,196633,244303,-1.79,-2.01,10.23,-0.03,0.07,0.04,27.93
49361180,1640,1,196720,244398,-1.55,-2.43,9.80,-0.02,-0.01,0.03,27.93
49401201,1595,1,196780,244564,-1.64,-2.44,9.42,-0.10,0.14,0.00,27.93
49441180,1697,1,197092,244779,-1.83,-2.19,9.28,-0.04,0.02,0.02,27.93
49481181,1631,1,197208,244816,-1.88,-1.75,9.27,-0.09,0.07,0.04,27.93
49521181,1494,1,197381,244735,-1.92,-1.75,9.96,-0.12,0.17,0.09,27.93
49561181,578,1,197580,244872,-2.01,-2.08,10.21,-0.12,0.21,0.03,27.93
49601180,144,1,198009,245298,-1.47,-2.55,8.98,-0.07,0.01,-0.00,27.93
49641201,1005,1,198459,245509,-1.92,-2.29,8.86,0.05,-0.04,-0.02,27.93
49681201,1605,1,198862,245585,-2.20,-2.32,9.42,0.06,-0.01,-0.03,27.93
49721205,1139,1,199127,245985,-2.12,-1.41,10.42,0.03,0.11,0.02,27.93
49761171,799,1,199601,246505,-1.80,-1.90,10.05,0.24,-0.05,0.14,27.93
49801181,149,1,200060,246758,-1.95,-2.60,9.83,0.05,-0.05,0.09,27.93
49841181,698,1,200301,246956,-2.16,-1.96,9.41,-0.15,-0.26,-0.07,27.93
49881215,1089,1,200515,247095,-1.65,-1.57,8.82,-0.04,-0.19,0.03,27.93
49922200,974,1,200859,247459,-1.83,-1.81,10.07,0.16,0.03,0.10,27.93
49962165,449,1,201072,247703,-1.80,-1.81,10.31,0.04,0.05,0.10,27.93
50002164,673,1,201374,248011,-1.79,-1.97,9.12,0.02,-0.15,0.17,27.93
50042176,405,1,201531,248038,-1.77,-1.88,8.98,-0.03,-0.14,0.06,27.93
50082880,2979,1,201684,248232,-1.78,-1.71,9.25,-0.14,0.05,0.01,28.01
50121206,4095,1,201824,248233,-1.97,-1.73,10.40,-0.03,0.05,0.01,28.01
50161176,4095,1,201765,248091,-1.73,-1.99,10.13,-0.01,-0.09,0.02,28.01
50261193,4095,1,202097,248288,-1.74,-1.87,10.26,-0.00,-0.01,0.03,28.01
50301194,4095,1,202194,248418,-1.77,-2.00,9.38,0.01,-0.08,0.05,28.01
50341176,4095,1,202291,248464,-1.75,-1.96,8.89,-0.04,-0.05,-0.01,28.01
50381210,4095,1,202490,248574,-1.79,-1.60,9.32,-0.10,0.08,-0.06,28.01
50421192,4095,1,202747,248673,-1.94,-1.59,10.07,0.08,0.06,0.02,28.01
50461164,3152,1,202779,248713,-1.89,-1.79,10.59,0.02,0.02,0.01,28.01
50501164,2910,1,202815,248845,-1.60,-2.04,9.26,-0.14,-0.10,-0.03,28.01
50541208,2718,1,202995,248926,-1.79,-1.91,8.73,0.02,-0.08,-0.01,28.01
50581178,2599,1,203155,249186,-1.98,-1.61,9.54,-0.08,0.13,-0.04,28.01
50701205,1303,1,203327,249258,-1.76,-2.01,9.24,-0.04,-0.01,-0.04,28.01
50741210,1322,1,203341,249128,-1.78,-1.81,8.73,-0.10,0.02,-0.04,28.01
50781193,1535,1,203249,248793,-1.95,-1.53,9.56,-0.03,0.04,-0.04,28.01
50821191,1810,1,203132,248793,-2.30,-1.78,10.65,-0.06,0.13,0.03,28.01
50861176,1840,1,203230,248951,-1.64,-1.85,9.87,-0.12,0.01,0.01,28.01
50901176,1755,1,203500,249188,-1.70,-2.01,8.92,0.06,-0.13,0.03,28.01
50941176,1873,1,203753,249369,-2.09,-1.75,9.19,0.02,-0.05,-0.01,28.01
50981192,1737,1,203879,249473,-1.96,-1.56,9.36,-0.10,0.14,-0.04,28.01
51021197,1620,1,203901,249633,-2.09,-1.79,10.18,0.09,0.07,0.02,28.01
51061165,1535,1,203942,249580,-1.79,-1.92,10.13,0.02,-0.09,0.01,28.01
51101862,1623,1,203940,249641,-1.99,-1.90,9.36,0.00,-0.06,-0.01,27.91
51140199,1693,1,203976,249643,-1.86,-1.74,8.84,-0.10,-0.04,-0.02,27.91
51180216,1535,1,204001,249733,-1.88,-1.62,8.95,-0.08,-0.02,-0.03,27.91
51220213,1766,1,204269,249909,-2.33,-1.68,10.43,0.06,0.10,-0.01,27.91
51260178,1691,1,204203,249804,-1.80,-1.66,10.24,-0.10,0.02,-0.01,27.91
51300193,1535,1,204254,249847,-1.84,-1.93,9.27,0.03,-0.11,0.03,27.91
51340178,1744,1,204365,249804,-1.92,-1.87,8.96,-0.01,-0.08,0.01,27.91
51380191,1818,1,204320,249593,-1.88,-1.53,9.02,-0.15,0.07,-0.05,27.91
51420194,2022,1,204295,249392,-2.25,-1.66,10.53,0.03,0.06,-0.02,27.91
51460177,1963,1,204250,249513,-1.88,-1.69,10.24,-0.11,-0.03,-0.01,27.91
51500210,2141,1,204360,249641,-1.75,-1.99,9.14,0.05,-0.10,0.05,27.91
51540171,2173,1,204372,249679,-1.98,-1.96,9.16,-0.03,-0.03,-0.03,27.91
51580209,2243,1,204228,249615,-1.83,-1.50,9.00,-0.22,0.10,-0.08,27.91
51620191,2211,1,204320,249715,-2.20,-1.57,10.23,0.07,0.09,0.01,27.91
51660165,2081,1,204199,249776,-1.93,-1.81,10.37,-0.11,-0.03,0.00,27.91
51700191,1936,1,204241,249801,-1.76,-2.12,9.16,-0.03,-0.12,-0.01,27.91
51740209,2116,1,204239,249847,-1.96,-1.83,9.09,-0.04,-0.05,-0.00,27.91
51780210,2022,1,204244,249622,-2.03,-1.78,9.34,-0.09,0.09,-0.05,27.91
51820193,2017,1,203360,249075,-2.48,0.02,11.70,-1.18,-0.13,-0.26,27.91
51860192,1386,1,202345,249613,-0.91,-3.73,7.70,-1.38,-0.43,-0.32,27.91
52061226,1184,1,204060,249521,-2.98,-0.51,12.99,0.31,0.51,0.13,27.91
52101858,1719,1,203828,249364,-2.11,-1.19,9.61,-0.37,-0.49,0.03,27.85
52140203,2037,1,203772,249306,-1.56,-3.31,8.64,-0.12,-0.53,0.07,27.85
52180197,2430,1,203623,249167,-1.69,-2.31,9.00,-0.25,0.05,-0.02,27.85
52220200,2714,1,203440,249121,-1.82,-2.20,9.84,-0.18,0.14,-0.03,27.85
52260201,2496,1,203243,248782,-1.64,-2.31,9.93,-0.08,-0.04,-0.02,27.85
52300217,2421,1,203271,248495,-1.50,-2.64,9.47,0.14,-0.04,0.08,27.85
52340181,2271,1,203339,248011,-1.84,-2.50,9.65,0.25,-0.17,0.10,27.85
52380180,2442,1,203226,247437,-1.56,-2.23,9.17,0.19,-0.24,0.08,27.85
52420180,2686,1,202753,246917,-1.87,-2.10,9.87,0.07,-0.15,-0.05,27.85
52460201,2958,1,202199,246851,-1.70,-1.66,10.07,0.07,-0.19,-0.07,27.85
52500201,3120,1,201696,247060,-1.48,-1.95,9.86,0.06,-0.09,-0.09,27.85
52540201,2997,1,201352,247118,-1.50,-1.90,9.51,0.01,-0.05,-0.06,27.85
52580206,2640,1,201107,247012,-1.33,-1.67,9.34,-0.02,-0.12,-0.03,27.85
52620217,2839,1,200838,246167,-1.43,-1.65,9.70,0.02,-0.12,-0.01,27.85
52660201,2702,1,200379,245623,-1.29,-1.85,9.86,0.05,-0.02,-0.01,27.85
52700201,2646,1,200300,245777,-1.26,-2.14,9.61,0.07,-0.01,-0.05,27.85
52740201,2113,1,200390,246078,-1.34,-1.86,9.40,0.08,-0.03,-0.05,27.85
52780201,2483,1,200399,246183,-1.31,-1.48,9.45,0.00,0.04,-0.06,27.85
52820177,2502,1,200481,246170,-1.53,-1.56,10.14,-0.02,0.03,-0.03,27.85
52860201,2365,1,200499,246252,-1.33,-1.91,10.05,0.00,-0.03,-0.03,27.85
52900201,2345,1,200490,246354,-1.25,-1.95,9.54,-0.01,0.02,-0.01,27.85
52940201,2366,1,200438,246299,-1.37,-1.70,9.24,-0.02,-0.08,0.00,27.85
52980200,2288,1,200524,246330,-1.41,-1.45,9.49,-0.08,0.03,-0.02,27.85
53020201,2213,1,200594,246388,-1.51,-1.69,10.22,-0.03,-0.01,-0.01,27.85
53060214,1995,1,200621,246473,-1.24,-2.02,9.96,0.02,-0.07,0.01,27.85
53100180,2073,1,200719,246647,-1.25,-2.08,9.52,0.00,0.05,-0.00,27.85
53140863,2096,1,200786,246721,-1.30,-1.61,9.25,-0.00,-0.07,-0.03,27.99
53179216,2098,1,200757,246787,-1.43,-1.35,9.47,-0.07,-0.01,-0.02,27.99
53219214,1933,1,200846,246383,-1.57,-1.52,10.27,-0.02,0.04,0.03,27.99
53259180,1927,1,200516,245014,-1.27,-1.89,10.00,0.02,-0.06,0.03,27.99
53299180,1939,1,200212,244961,-1.25,-2.01,9.58,-0.03,0.01,-0.01,27.99
53339200,1855,1,200273,245465,-1.29,-1.70,9.24,-0.02,-0.07,-0.01,27.99
53379214,1840,1,200506,245826,-1.38,-1.37,9.45,-0.07,0.02,0.00,27.99
53419180,1631,1,200566,245860,-1.56,-1.59,10.32,-0.06,0.03,-0.00,27.99
53459201,1587,1,200528,246089,-1.30,-1.92,10.07,0.00,-0.07,0.01,27.99
53499179,1629,1,200625,246228,-1.24,-2.02,9.46,-0.01,0.02,-0.00,27.99
53539200,1631,1,200589,246173,-1.30,-1.65,9.24,-0.03,-0.04,-0.02,27.99
53579217,1535,1,200472,246186,-1.48,-1.30,9.57,-0.10,0.03,-0.03,27.99
53619200,1398,1,200583,246185,-1.53,-1.53,10.22,-0.02,0.01,0.02,27.99
53659180,1490,1,200497,246318,-1.29,-2.00,10.08,-0.01,-0.07,0.01,27.99
53699200,1507,1,200629,246411,-1.26,-2.08,9.51,-0.03,-0.01,-0.02,27.99
53739217,1531,1,200692,246459,-1.30,-1.77,9.23,-0.02,-0.06,-0.01,27.99
53779214,1479,1,200757,246569,-1.36,-1.35,9.44,-0.08,-0.02,-0.02,27.99
53819217,1442,1,200915,246466,-1.59,-1.51,10.26,-0.04,0.01,0.01,27.99
53859180,1535,1,200569,244861,-1.27,-2.01,10.12,-0.00,-0.06,0.02,27.99
53899200,1535,1,200098,244321,-1.26,-2.09,9.54,-0.02,0.02,0.01,27.99
53939180,1589,1,200257,245120,-1.27,-1.73,9.16,-0.04,-0.04,-0.00,27.99
53979217,1609,1,200514,245582,-1.39,-1.30,9.41,-0.09,0.04,-0.02,27.99
54019234,1609,1,200660,245783,-1.58,-1.58,10.29,-0.04,0.02,-0.00,27.99
54059201,1693,1,200715,246060,-1.29,-2.07,10.11,0.02,-0.08,0.01,27.99
54099180,1749,1,200850,246283,-1.23,-1.96,9.44,-0.02,0.02,-0.02,27.99
54139200,1790,1,200947,246276,-1.26,-1.54,9.16,-0.03,-0.03,-0.01,27.99
54179900,1805,1,200972,246424,-1.47,-1.34,9.62,-0.09,0.04,-0.02,27.87
54218200,1783,1,201007,246405,-1.55,-1.56,10.31,-0.05,0.02,-0.01,27.87
54258200,1823,1,200957,246455,-1.27,-2.02,10.07,-0.01,-0.07,0.01,27.87
54298200,1771,1,201102,246629,-1.26,-2.12,9.56,-0.04,0.02,-0.01,27.87
54338200,1751,1,201071,246750,-1.25,-1.72,9.13,-0.02,-0.05,-0.02,27.87
54378217,1786,1,201145,246960,-1.35,-1.30,9.41,-0.09,0.03,-0.02,27.87
54418200,1808,1,201146,246583,-1.58,-1.59,10.33,-0.04,0.02,0.01,27.87
54458180,1867,1,200669,244686,-1.30,-2.07,10.16,0.01,-0.07,0.01,27.87
54498180,1835,1,199971,243995,-1.29,-2.11,9.61,-0.00,0.01,-0.01,27.87
54538200,1851,1,200197,244751,-1.20,-1.72,9.12,-0.01,-0.03,-0.02,27.87
54578213,1902,1,200402,245330,-1.36,-1.34,9.36,-0.09,0.01,-0.02,27.87
54618200,1903,1,200548,245487,-1.63,-1.56,10.32,-0.04,0.02,-0.00,27.87
54658200,1792,1,200611,245853,-1.33,-2.03,10.14,-0.01,-0.05,-0.01,27.87
54698216,1776,1,200721,246201,-1.27,-2.04,9.61,-0.03,0.03,-0.02,27.87
54738199,1870,1,200783,246269,-1.25,-1.73,9.13,-0.04,-0.04,-0.02,27.87
54778216,1872,1,200815,246373,-1.45,-1.31,9.48,-0.09,0.02,-0.03,27.87
54818200,1868,1,200915,246387,-1.58,-1.63,10.28,-0.02,0.01,0.01,27.87
54858180,1744,1,200916,246522,-1.28,-2.08,10.11,0.01,-0.05,0.01,27.87
54898179,1655,1,200850,246693,-1.32,-2.08,9.55,-0.03,0.02,-0.01,27.87
54938199,1616,1,200955,246710,-1.24,-1.71,9.18,-0.02,-0.06,-0.01,27.87
54978214,1529,1,201077,246850,-1.40,-1.35,9.45,-0.10,0.04,-0.02,27.87
55018200,1399,1,201124,246531,-1.62,-1.57,10.30,-0.03,0.05,0.01,27.87
55058180,1323,1,200631,244741,-1.33,-2.03,10.08,0.01,-0.09,0.02,27.87
55098179,1344,1,200188,244842,-1.32,-2.05,9.53,-0.04,0.04,-0.02,27.87
55138200,1407,1,200351,245330,-1.27,-1.67,9.13,-0.02,-0.04,-0.01,27.87
55178217,1533,1,200422,245712,-1.41,-1.43,9.40,-0.08,-0.02,-0.02,27.87
55218899,1598,1,200623,245918,-1.64,-1.67,10.31,-0.02,0.02,-0.00,27.79
55259201,1713,1,200671,246279,-1.25,-2.03,9.97,0.02,-0.04,0.01,27.79
55299177,1897,1,200789,246478,-1.27,-1.98,9.48,-0.02,0.02,-0.00,27.79
55339201,1895,1,200743,246498,-1.31,-1.65,9.22,-0.01,-0.07,-0.02,27.79
55379213,2011,1,200705,246641,-1.43,-1.27,9.51,-0.09,0.05,-0.02,27.79
55419200,2032,1,200785,246631,-1.62,-1.62,10.32,-0.05,0.00,0.01,27.79
55459180,2140,1,200735,246745,-1.33,-2.15,9.97,0.00,-0.10,0.02,27.79
55499180,2195,1,200777,246872,-1.29,-2.05,9.43,-0.04,0.03,-0.02,27.79
55539201,2288,1,200727,246904,-1.26,-1.62,9.10,-0.02,-0.07,-0.02,27.79
55579217,2281,1,200808,247012,-1.47,-1.29,9.54,-0.08,0.02,-0.01,27.79
55619200,2368,1,200908,246797,-1.63,-1.62,10.48,-0.02,0.01,0.01,27.79
55657189,2408,1,200537,245334,-1.33,-1.97,10.13,-0.01,-0.06,0.02,27.79
55697199,2471,1,200151,245245,-1.35,-2.10,9.62,-0.04,0.03,-0.01,27.79
55737199,2479,1,200375,245703,-1.23,-1.77,9.15,0.00,-0.06,-0.00,27.79
55777199,2504,1,200585,245894,-1.29,-1.32,9.33,-0.08,0.03,-0.01,27.79
55817200,2448,1,200680,245966,-1.62,-1.58,10.29,-0.05,-0.01,0.01,27.79
55857217,2374,1,200660,246344,-1.35,-2.05,10.18,0.02,-0.07,0.02,27.79
55897179,2430,1,200788,246633,-1.26,-2.11,9.57,-0.01,0.02,0.00,27.79
55937180,2512,1,200823,246673,-1.24,-1.70,9.09,-0.03,-0.05,-0.01,27.79
55977217,2469,1,200771,246890,-1.43,-1.36,9.45,-0.10,0.02,-0.02,27.79
56017200,2462,1,200720,246939,-1.58,-1.60,10.31,-0.05,0.01,0.00,27.79
56057179,2395,1,200737,247255,-1.27,-2.05,10.08,-0.03,-0.05,0.02,27.79
56097200,2262,1,200582,247498,-1.31,-2.10,9.54,-0.04,0.04,-0.01,27.79
56137199,2222,1,200552,247547,-1.25,-1.86,9.19,-0.01,-0.07,-0.02,27.79
56177213,2295,1,200445,247572,-1.37,-1.32,9.25,-0.09,0.01,-0.03,27.79
56217200,2218,1,200377,247256,-1.61,-1.46,10.20,-0.03,0.04,0.00,27.79
56257866,2163,1,200164,246451,-1.36,-1.98,10.17,0.02,-0.04,0.02,27.93
56298180,2130,1,199968,246392,-1.33,-2.09,9.58,-0.03,0.01,-0.02,27.93
56338196,2219,1,200035,246599,-1.24,-1.72,9.09,-0.00,-0.04,-0.01,27.93
56378217,2228,1,200118,246644,-1.34,-1.31,9.36,-0.08,0.04,-0.03,27.93
56418196,2179,1,200153,246713,-1.68,-1.53,10.33,-0.03,-0.01,-0.00,27.93
56458214,2165,1,200226,246841,-1.35,-2.02,10.10,0.01,-0.03,0.02,27.93
56498177,2134,1,200385,246812,-1.28,-2.03,9.52,-0.02,0.01,-0.01,27.93
56538200,2055,1,200449,246922,-1.30,-1.73,9.15,-0.02,-0.05,-0.02,27.93
56578213,2032,1,200544,247009,-1.44,-1.31,9.46,-0.06,0.02,-0.03,27.93
56618200,2000,1,200647,246880,-1.56,-1.52,10.15,-0.04,0.01,0.01,27.93
56658177,2016,1,200744,246757,-1.38,-2.08,10.18,-0.02,-0.04,0.01,27.93
56698200,1985,1,200733,246658,-1.28,-2.08,9.50,-0.03,-0.00,-0.02,27.93
56738213,2010,1,200775,246677,-1.26,-1.70,9.18,-0.02,-0.07,-0.02,27.93
56778214,1951,1,200813,246861,-1.41,-1.27,9.41,-0.08,0.04,-0.02,27.93
56818196,1890,1,200815,246186,-1.62,-1.56,10.27,-0.03,0.01,0.01,27.93
56858180,1875,1,200142,244327,-1.33,-2.07,10.09,0.01,-0.06,0.01,27.93
56898177,1808,1,199985,244946,-1.35,-2.05,9.55,-0.03,0.06,-0.01,27.93
56938200,1776,1,200099,245454,-1.27,-1.75,9.15,-0.02,-0.05,-0.01,27.93
56978213,1787,1,200188,245658,-1.37,-1.36,9.36,-0.09,-0.00,-0.03,27.93
57018214,1788,1,200311,245647,-1.66,-1.54,10.24,-0.03,0.02,0.00,27.93
57058177,1826,1,200437,245816,-1.37,-2.05,10.10,0.01,-0.06,0.01,27.93
57098180,1840,1,200556,246038,-1.31,-2.07,9.61,-0.03,0.02,-0.01,27.93
57138196,1810,1,200558,246246,-1.31,-1.72,9.20,-0.01,-0.05,-0.01,27.93
57178214,1817,1,200597,246467,-1.41,-1.29,9.35,-0.08,0.02,-0.03,27.93
57218196,1871,1,200625,246551,-1.61,-1.54,10.27,-0.04,0.01,0.00,27.93
57258866,1895,1,200755,246803,-1.40,-1.99,10.15,-0.01,-0.04,0.01,27.95
57297206,1919,1,200816,246969,-1.34,-2.12,9.74,-0.02,0.04,-0.00,27.95
57337200,1872,1,200829,247000,-1.26,-1.81,9.18,-0.02,-0.07,-0.02,27.95
57377214,1987,1,200811,247181,-1.38,-1.33,9.21,-0.10,0.02,-0.03,27.95
57417200,1891,1,200753,246324,-1.68,-1.50,10.22,-0.05,0.01,0.01,27.95
57457180,1943,1,200110,244426,-1.44,-1.98,10.14,0.01,-0.09,0.01,27.95
57497185,1954,1,199962,244620,-1.37,-2.05,9.67,-0.03,0.04,-0.01,27.95
57537200,1945,1,200158,245095,-1.26,-1.80,9.20,-0.01,-0.06,-0.01,27.95
57577217,1936,1,200280,245432,-1.34,-1.36,9.27,-0.08,-0.00,-0.03,27.95
57617214,1943,1,200347,245593,-1.65,-1.50,10.15,-0.06,0.03,-0.00,27.95
57657200,1927,1,200498,246076,-1.42,-1.99,10.20,-0.01,-0.06,0.02,27.95
57697200,1935,1,200549,246314,-1.37,-2.08,9.71,-0.02,0.02,0.00,27.95
57737180,1889,1,200579,246417,-1.32,-1.82,9.24,-0.01,-0.05,0.00,27.95
57777200,1968,1,200717,246529,-1.36,-1.38,9.21,-0.08,0.01,-0.02,27.95
57817201,1825,1,200725,246517,-1.61,-1.48,10.06,-0.04,0.01,0.01,27.95
57857180,1918,1,200799,246627,-1.45,-1.95,10.15,0.00,-0.04,0.02,27.95
57897180,1855,1,200784,246753,-1.35,-2.10,9.79,-0.02,0.03,0.01,27.95
57937177,1850,1,200840,246754,-1.28,-1.86,9.22,-0.02,-0.09,-0.02,27.95
57977214,1825,1,200747,246945,-1.34,-1.40,9.16,-0.11,-0.02,-0.03,27.95
58017214,1823,1,200672,247006,-1.62,-1.45,10.09,-0.07,0.05,0.01,27.95
58057180,1893,1,200281,246100,-1.53,-1.92,10.31,-0.02,-0.03,-0.00,27.95
58097214,1913,1,199955,246306,-1.37,-2.09,9.81,-0.03,0.02,-0.00,27.95
58137200,1902,1,200080,246710,-1.23,-1.90,9.10,-0.01,-0.05,0.01,27.95
58177201,1893,1,200147,246938,-1.37,-1.44,9.22,-0.09,0.04,-0.02,27.95
58217201,1901,1,200123,247016,-1.70,-1.49,10.15,-0.04,0.00,-0.00,27.95
58257200,1947,1,200237,247162,-1.39,-1.90,10.19,-0.01,-0.04,0.02,27.95
58297887,1925,1,200295,247224,-1.36,-2.13,9.70,-0.03,0.02,0.01,28.01
58336180,1961,1,200284,247136,-1.31,-1.96,9.39,0.01,-0.07,-0.02,28.01
58376200,1928,1,200307,247197,-1.34,-1.44,9.16,-0.08,0.02,-0.03,28.01
58416199,1939,1,200397,247172,-1.57,-1.45,9.93,-0.06,0.04,-0.00,28.01
58456200,1963,1,200394,247235,-1.48,-1.97,10.24,-0.01,-0.07,-0.00,28.01
58496214,1981,1,200467,247254,-1.39,-2.15,9.81,-0.02,0.03,-0.01,28.01
58536200,1967,1,200519,247198,-1.27,-1.88,9.30,-0.00,-0.07,-0.00,28.01
58576213,2011,1,200587,247243,-1.30,-1.47,9.08,-0.07,-0.01,-0.03,28.01
58616217,2037,1,200672,246833,-1.62,-1.36,9.91,-0.05,0.01,-0.01,28.01
58656200,2093,1,200250,245184,-1.47,-1.84,10.25,-0.02,-0.06,0.02,28.01
58696200,2135,1,199837,244899,-1.47,-2.11,10.00,-0.02,0.03,0.01,28.01
58736180,2111,1,199916,245226,-1.24,-1.98,9.24,0.01,-0.06,0.00,28.01
58776179,2196,1,200033,245532,-1.35,-1.52,9.12,-0.07,-0.03,-0.03,28.01
58816213,2161,1,200084,245809,-1.60,-1.40,9.91,-0.05,-0.00,-0.02,28.01
58856214,2177,1,200245,246064,-1.40,-1.72,10.18,-0.03,-0.03,0.00,28.01
58896200,2209,1,200253,246114,-1.46,-2.12,10.02,-0.02,0.01,0.01,28.01
58936203,2188,1,200214,246135,-1.32,-2.01,9.43,0.01,-0.06,0.00,28.01
58976177,2186,1,200291,246200,-1.26,-1.46,9.00,-0.08,-0.01,-0.04,28.01
59016217,2188,1,200291,246316,-1.54,-1.39,9.88,-0.07,0.03,-0.03,28.01
59056199,2159,1,200308,246357,-1.44,-1.79,10.19,-0.05,-0.04,-0.02,28.01
59096216,2149,1,200346,246460,-1.39,-2.16,9.93,-0.05,-0.01,-0.03,28.01
59136246,2092,1,200352,246671,-1.30,-2.01,9.42,-0.01,-0.05,-0.02,28.01
59176217,2113,1,200492,246835,-1.35,-1.60,9.21,-0.07,0.02,-0.04,28.01
59216200,2109,1,200469,246564,-1.58,-1.37,9.88,-0.05,0.00,-0.01,28.01
59256200,2095,1,199945,244181,-1.42,-1.81,10.16,-0.03,-0.02,0.02,28.01
59296199,2106,1,199236,243690,-1.42,-2.18,9.96,-0.00,0.01,-0.01,28.01
59336910,2073,1,199490,244450,-1.26,-2.04,9.38,0.01,-0.06,-0.02,27.93
59375200,2032,1,199719,245089,-1.28,-1.61,9.08,-0.10,-0.00,-0.05,27.93
59415216,2063,1,199921,245546,-1.53,-1.39,9.69,-0.06,0.04,-0.02,27.93
59455200,2059,1,200105,245858,-1.47,-1.68,10.16,-0.00,-0.04,0.01,27.93
59495200,1940,1,200265,246267,-1.42,-2.04,10.09,-0.01,0.04,0.00,27.93
59535180,1939,1,200498,246366,-1.36,-2.09,9.53,0.02,-0.03,0.02,27.93
59575180,1969,1,200387,246555,-1.33,-1.67,9.06,-0.05,-0.03,-0.03,27.93
59615213,1959,1,200607,246754,-1.52,-1.35,9.66,-0.05,0.04,-0.01,27.93
59655200,1875,1,200623,246960,-1.45,-1.62,10.10,-0.01,-0.01,0.02,27.93
59695200,1948,1,200733,247217,-1.49,-2.07,10.13,-0.01,0.04,0.02,27.93
59735179,1982,1,200783,247357,-1.34,-2.04,9.39,0.02,-0.05,0.01,27.93
59775179,1970,1,200753,247496,-1.31,-1.59,9.01,-0.07,-0.01,-0.02,27.93
59815216,1966,1,200748,247363,-1.54,-1.36,9.74,-0.05,0.03,-0.01,27.93
59855200,1949,1,200459,245901,-1.46,-1.67,10.17,-0.03,-0.06,0.01,27.93
59895201,2025,1,199703,244535,-1.52,-2.07,10.16,-0.03,0.02,0.00,27.93
59935180,2014,1,199807,245204,-1.34,-2.03,9.38,0.02,-0.05,0.00,27.93
59975179,2019,1,199935,245758,-1.24,-1.57,8.96,-0.08,-0.02,-0.04,27.93
60015213,1981,1,200153,246004,-1.55,-1.39,9.78,-0.06,0.04,-0.02,27.93
60055200,1995,1,200242,246368,-1.62,-1.68,10.26,-0.02,-0.03,0.01,27.93
60095200,1958,1,200324,246490,-1.46,-2.04,10.01,-0.02,0.02,-0.01,27.93
60135200,1904,1,200404,246462,-1.35,-2.05,9.43,0.02,-0.08,0.01,27.93
60175180,1935,1,200373,246687,-1.34,-1.56,9.02,-0.08,0.01,-0.03,27.93
60215200,1954,1,200504,246767,-1.53,-1.34,9.60,-0.07,0.01,-0.02,27.93
60255200,1967,1,200494,246756,-1.48,-1.64,10.11,-0.04,-0.06,0.01,27.93
60295200,1958,1,200608,246844,-1.56,-2.09,10.18,-0.04,0.05,0.01,27.93
60335180,1968,1,200643,246969,-1.37,-2.11,9.52,0.03,-0.05,0.01,27.93
60375865,1942,1,200663,247230,-1.28,-1.65,9.03,-0.08,-0.02,-0.02,27.95
60416213,1969,1,200831,247258,-1.57,-1.38,9.76,-0.07,0.06,-0.01,27.95
60456200,1961,1,200760,247008,-1.51,-1.68,10.17,-0.01,-0.06,0.02,27.95
60496196,1989,1,200404,245487,-1.55,-2.13,10.10,-0.02,0.02,0.01,27.95
60536180,1982,1,199948,245158,-1.40,-2.05,9.48,0.02,-0.04,0.01,27.95
60576177,2031,1,200136,246147,-1.31,-1.56,8.94,-0.08,0.01,-0.02,27.95
60616200,1929,1,200413,246560,-1.59,-1.41,9.80,-0.06,0.05,-0.01,27.95
60656201,1985,1,200458,246760,-1.54,-1.69,10.24,-0.02,-0.06,0.01,27.95
60696201,1961,1,200525,246935,-1.46,-2.06,9.98,-0.04,0.02,0.01,27.95
60736177,2019,1,200615,246892,-1.39,-2.07,9.40,0.02,-0.09,0.01,27.95
60776186,2015,1,200586,246788,-1.36,-1.57,9.07,-0.06,-0.02,-0.03,27.95
60816213,1970,1,200629,246968,-1.60,-1.38,9.78,-0.07,0.02,-0.01,27.95
60856200,1985,1,200630,247125,-1.46,-1.66,10.12,-0.05,-0.04,0.01,27.95
60896196,2038,1,200645,247333,-1.47,-2.11,9.99,-0.03,0.01,0.01,27.95
60936180,1978,1,200662,247495,-1.38,-2.09,9.45,0.04,-0.06,0.01,27.95
60976177,1957,1,200663,247639,-1.28,-1.57,9.01,-0.07,0.01,-0.03,27.95
61014200,1999,1,200657,247732,-1.53,-1.45,9.59,-0.08,0.02,-0.03,27.95
61054199,2016,1,200725,247780,-1.57,-1.56,10.10,-0.03,-0.07,-0.01,27.95
61094216,1937,1,200701,247160,-1.53,-1.80,10.23,-0.04,0.03,0.00,27.95
61134179,1904,1,200252,246104,-1.50,-2.09,9.84,0.01,-0.02,0.03,27.95
61174179,1943,1,200121,246336,-1.46,-1.87,9.18,-0.06,-0.03,-0.02,27.95
61214213,1920,1,200385,246587,-1.56,-1.49,9.50,-0.05,0.02,-0.02,27.95
61254200,1997,1,200423,246805,-1.47,-1.55,10.01,-0.02,-0.02,0.01,27.95
61294199,1939,1,200513,246996,-1.55,-2.03,10.18,-0.04,0.04,0.00,27.95
61334179,1835,1,200570,247180,-1.44,-2.25,9.79,0.03,-0.02,0.01,27.95
61374179,1877,1,200574,247199,-1.29,-1.80,8.98,-0.05,-0.02,-0.03,27.95
61414903,1782,1,200563,247134,-1.48,-1.43,9.43,-0.07,0.05,-0.04,28.13
61455196,1876,1,200616,247090,-1.46,-1.59,10.12,-0.02,-0.03,-0.00,28.13
61495214,1893,1,200600,247261,-1.53,-1.96,10.10,-0.04,0.03,0.00,28.13
61535177,1997,1,200705,247396,-1.40,-2.10,9.46,0.02,-0.04,0.01,28.13
61575180,1958,1,200802,247811,-1.38,-1.68,8.99,-0.04,-0.02,-0.03,28.13
61615213,1869,1,200976,248026,-1.45,-1.36,9.41,-0.06,0.03,-0.03,28.13
61655200,1882,1,201063,248019,-1.49,-1.51,10.09,0.02,-0.06,0.03,28.13
